e 	130875	130875	2.433226	2.433226
 t	108889	239764	2.024463	4.457689
th	105156	344920	1.955059	6.412747
he	85840	430760	1.595936	8.008683
t 	77593	508353	1.442608	9.451291
s 	74697	583050	1.388765	10.840057
.\x0A	70416	653466	1.309173	12.149230
, 	68354	721820	1.270837	13.420066
 a	67927	789747	1.262898	14.682964
d 	67309	857056	1.251408	15.934372
er	58596	915652	1.089416	17.023788
ou	58366	974018	1.085140	18.108927
 s	57197	1031215	1.063406	19.172333
 h	54528	1085743	1.013784	20.186117
in	52770	1138513	0.981099	21.167216
r 	51609	1190122	0.959514	22.126730
an	51305	1241427	0.953862	23.080591
 m	49116	1290543	0.913164	23.993755
 w	48198	1338741	0.896096	24.889852
re	46547	1385288	0.865401	25.755253
nd	46201	1431489	0.858968	26.614221
y 	45808	1477297	0.851662	27.465883
n 	43743	1521040	0.813269	28.279152
ha	43579	1564619	0.810220	29.089372
\x0A\x0A	42452	1607071	0.789267	29.878639
or	38574	1645645	0.717167	30.595806
at	37901	1683546	0.704655	31.300461
o 	37225	1720771	0.692087	31.992548
 b	37016	1757787	0.688201	32.680748
 o	36755	1794542	0.683348	33.364097
is	36324	1830866	0.675335	34.039432
en	35541	1866407	0.660778	34.700210
 i	34678	1901085	0.644733	35.344943
hi	33181	1934266	0.616901	35.961843
ar	32512	1966778	0.604463	36.566306
es	32472	1999250	0.603719	37.170025
on	31871	2031121	0.592545	37.762570
ll	31309	2062430	0.582096	38.344666
 f	30875	2093305	0.574028	38.918694
st	30852	2124157	0.573600	39.492294
it	29869	2154026	0.555324	40.047618
ea	29347	2183373	0.545619	40.593237
me	28225	2211598	0.524759	41.117996
ve	28144	2239742	0.523253	41.641248
to	26683	2266425	0.496090	42.137338
,\x0A	25716	2292141	0.478111	42.615450
se	25493	2317634	0.473965	43.089415
l 	25471	2343105	0.473556	43.562972
 d	25445	2368550	0.473073	44.036045
 c	25155	2393705	0.467681	44.503726
h 	24493	2418198	0.455373	44.959099
ur	24262	2442460	0.451079	45.410178
 l	24199	2466659	0.449907	45.860086
te	24136	2490795	0.448736	46.308822
no	23946	2514741	0.445204	46.754025
ng	23877	2538618	0.443921	47.197946
f 	23819	2562437	0.442842	47.640789
ho	23757	2586194	0.441690	48.082479
 n	23277	2609471	0.432766	48.515244
 y	22946	2632417	0.426612	48.941856
le	21957	2654374	0.408224	49.350080
yo	21092	2675466	0.392142	49.742222
nt	20929	2696395	0.389112	50.131334
 p	20904	2717299	0.388647	50.519981
al	20848	2738147	0.387606	50.907586
 I	20460	2758607	0.380392	51.287978
I 	20425	2779032	0.379741	51.667720
ne	20093	2799125	0.373569	52.041288
of	19710	2818835	0.366448	52.407736
as	19251	2838086	0.357914	52.765651
ot	18966	2857052	0.352616	53.118266
ed	18497	2875549	0.343896	53.462162
wi	18247	2893796	0.339248	53.801410
\x0AT	18199	2911995	0.338356	54.139766
be	18079	2930074	0.336124	54.475890
ee	18062	2948136	0.335808	54.811699
e,	17926	2966062	0.333280	55.144978
ow	17853	2983915	0.331923	55.476901
\x0AA	16942	3000857	0.314985	55.791887
om	16764	3017621	0.311676	56.103563
el	16697	3034318	0.310430	56.413993
ro	16686	3051004	0.310226	56.724219
ce	16583	3067587	0.308311	57.032530
u 	16355	3083942	0.304072	57.336602
lo	16306	3100248	0.303161	57.639762
us	16125	3116373	0.299796	57.939558
de	16106	3132479	0.299443	58.239001
 g	15892	3148371	0.295464	58.534465
Th	15730	3164101	0.292452	58.826916
. 	15564	3179665	0.289366	59.116282
il	15446	3195111	0.287172	59.403454
et	15220	3210331	0.282970	59.686424
sh	15185	3225516	0.282319	59.968743
ma	15165	3240681	0.281947	60.250691
ri	15162	3255843	0.281892	60.532582
fo	14923	3270766	0.277448	60.810030
ch	14897	3285663	0.276965	61.086995
a 	14164	3299827	0.263337	61.350332
co	14083	3313910	0.261831	61.612163
ut	14001	3327911	0.260306	61.872469
  	13973	3341884	0.259786	62.132255
ti	13740	3355624	0.255454	62.387709
we	13472	3369096	0.250471	62.638180
li	13400	3382496	0.249133	62.887313
ra	13247	3395743	0.246288	63.133601
oo	12789	3408532	0.237773	63.371374
s,	12697	3421229	0.236062	63.607436
so	12394	3433623	0.230429	63.837865
my	12339	3445962	0.229406	64.067272
m 	12199	3458161	0.226804	64.294075
g 	12177	3470338	0.226395	64.520470
ir	11923	3482261	0.221672	64.742142
ai	11734	3493995	0.218158	64.960301
rt	11584	3505579	0.215370	65.175670
av	11479	3517058	0.213417	65.389087
 e	11423	3528481	0.212376	65.601464
la	11408	3539889	0.212097	65.813561
rs	11355	3551244	0.211112	66.024673
\x0AW	11329	3562573	0.210629	66.235302
 r	11323	3573896	0.210517	66.445819
un	11249	3585145	0.209141	66.654960
ld	11240	3596385	0.208974	66.863934
ay	11227	3607612	0.208732	67.072666
e.	11165	3618777	0.207580	67.280246
ke	11014	3629791	0.204772	67.485018
\x0AI	10956	3640747	0.203694	67.688711
rd	10598	3651345	0.197038	67.885749
ie	10543	3661888	0.196015	68.081765
si	10483	3672371	0.194900	68.276664
ul	10186	3682557	0.189378	68.466042
ad	10155	3692712	0.188802	68.654844
im	10123	3702835	0.188207	68.843051
do	9981	3712816	0.185567	69.028617
gh	9898	3722714	0.184023	69.212641
An	9892	3732606	0.183912	69.396553
’s	9779	3742385	0.181811	69.578364
wh	9681	3752066	0.179989	69.758353
ta	9663	3761729	0.179654	69.938007
ss	9478	3771207	0.176215	70.114222
pe	9333	3780540	0.173519	70.287741
wo	9291	3789831	0.172738	70.460479
mo	9250	3799081	0.171976	70.632455
tr	9215	3808296	0.171325	70.803780
d,	9193	3817489	0.170916	70.974696
nc	9188	3826677	0.170823	71.145519
ic	9162	3835839	0.170340	71.315859
\x0AS	9080	3844919	0.168815	71.484674
di	8926	3853845	0.165952	71.650626
am	8923	3862768	0.165896	71.816522
ge	8899	3871667	0.165450	71.981972
t,	8872	3880539	0.164948	72.146921
wa	8660	3889199	0.161007	72.307927
w 	8569	3897768	0.159315	72.467242
ol	8552	3906320	0.158999	72.626241
Wh	8478	3914798	0.157623	72.783863
ns	8336	3923134	0.154983	72.938846
 u	8180	3931314	0.152082	73.090929
?\x0A	8138	3939452	0.151302	73.242230
ac	8037	3947489	0.149424	73.391654
em	8015	3955504	0.149015	73.540669
io	7790	3963294	0.144832	73.685500
s.	7717	3971011	0.143474	73.828975
ca	7694	3978705	0.143047	73.972021
pr	7680	3986385	0.142786	74.114808
od	7672	3994057	0.142638	74.257445
os	7563	4001620	0.140611	74.398057
y,	7555	4009175	0.140462	74.538519
; 	7413	4016588	0.137822	74.676341
\x0AB	7298	4023886	0.135684	74.812026
ig	7293	4031179	0.135591	74.947617
r,	7255	4038434	0.134885	75.082502
ak	7253	4045687	0.134848	75.217350
id	7253	4052940	0.134848	75.352197
sa	7082	4060022	0.131668	75.483866
\x0AH	7053	4067075	0.131129	75.614995
fe	7049	4074124	0.131055	75.746050
fa	7017	4081141	0.130460	75.876510
t.	6958	4088099	0.129363	76.005873
k 	6882	4094981	0.127950	76.133823
e\x0A	6868	4101849	0.127690	76.261513
ht	6844	4108693	0.127244	76.388756
hy	6809	4115502	0.126593	76.515349
po	6733	4122235	0.125180	76.640529
mi	6692	4128927	0.124418	76.764946
ly	6617	4135544	0.123023	76.887970
go	6617	4142161	0.123023	77.010993
n,	6555	4148716	0.121870	77.132863
 k	6389	4155105	0.118784	77.251647
ds	6333	4161438	0.117743	77.369390
pa	6263	4167701	0.116442	77.485832
su	6010	4173711	0.111738	77.597570
ov	5958	4179669	0.110771	77.708341
S.	5940	4185609	0.110436	77.818777
bl	5906	4191515	0.109804	77.928581
ei	5898	4197413	0.109656	78.038237
bu	5864	4203277	0.109023	78.147260
\x0AM	5796	4209073	0.107759	78.255020
iv	5779	4214852	0.107443	78.362463
\x0A 	5745	4220597	0.106811	78.469274
ry	5740	4226337	0.106718	78.575992
ni	5646	4231983	0.104970	78.680962
 T	5572	4237555	0.103595	78.784556
ey	5572	4243127	0.103595	78.888151
ec	5497	4248624	0.102200	78.990351
;\x0A	5465	4254089	0.101605	79.091956
ev	5433	4259522	0.101010	79.192967
ts	5414	4264936	0.100657	79.293624
\x0AF	5381	4270317	0.100043	79.393667
\x0AC	5375	4275692	0.099932	79.493599
\x0AO	5343	4281035	0.099337	79.592936
sp	5273	4286308	0.098036	79.690971
 A	5262	4291570	0.097831	79.788802
’d	5178	4296748	0.096269	79.885072
uc	5135	4301883	0.095470	79.980542
d.	5133	4307016	0.095433	80.075974
bo	5130	4312146	0.095377	80.171351
fi	4955	4317101	0.092123	80.263474
EN	4954	4322055	0.092105	80.355579
ck	4948	4327003	0.091993	80.447572
fr	4944	4331947	0.091919	80.539491
if	4934	4336881	0.091733	80.631224
vi	4918	4341799	0.091435	80.722659
 S	4843	4346642	0.090041	80.812700
ru	4827	4351469	0.089744	80.902444
da	4822	4356291	0.089651	80.992094
gr	4818	4361109	0.089576	81.081670
br	4760	4365869	0.088498	81.170168
ue	4652	4370521	0.086490	81.256658
ag	4586	4375107	0.085263	81.341921
AN	4584	4379691	0.085226	81.427147
tt	4566	4384257	0.084891	81.512038
n.	4506	4388763	0.083775	81.595813
 C	4493	4393256	0.083534	81.679347
ug	4478	4397734	0.083255	81.762602
\x0AP	4439	4402173	0.082530	81.845132
pl	4424	4406597	0.082251	81.927383
r.	4390	4410987	0.081619	82.009001
 v	4377	4415364	0.081377	82.090379
tu	4373	4419737	0.081303	82.171681
s\x0A	4353	4424090	0.080931	82.252612
ty	4305	4428395	0.080038	82.332651
US	4261	4432656	0.079220	82.411871
ER	4250	4436906	0.079016	82.490887
He	4229	4441135	0.078626	82.569513
To	4221	4445356	0.078477	82.647989
na	4216	4449572	0.078384	82.726373
AR	4176	4453748	0.077640	82.804013
!\x0A	4174	4457922	0.077603	82.881616
[_	4166	4462088	0.077454	82.959070
ef	4114	4466202	0.076487	83.035558
rr	4031	4470233	0.074944	83.110502
ye	3998	4474231	0.074331	83.184833
IN	3986	4478217	0.074108	83.258941
\x0AL	3978	4482195	0.073959	83.332900
 H	3942	4486137	0.073290	83.406189
rn	3937	4490074	0.073197	83.479386
ep	3916	4493990	0.072806	83.552192
O.	3914	4497904	0.072769	83.624961
ga	3852	4501756	0.071616	83.696577
up	3747	4505503	0.069664	83.766241
\x0AN	3740	4509243	0.069534	83.835776
kn	3717	4512960	0.069106	83.904882
tl	3714	4516674	0.069051	83.973933
ct	3705	4520379	0.068883	84.042816
._	3696	4524075	0.068716	84.111532
 P	3687	4527762	0.068549	84.180080
y.	3671	4531433	0.068251	84.248332
mu	3663	4535096	0.068102	84.316434
au	3614	4538710	0.067191	84.383626
ki	3607	4542317	0.067061	84.450687
ba	3595	4545912	0.066838	84.517525
\x0AD	3550	4549462	0.066002	84.583527
_]	3531	4552993	0.065648	84.649175
mp	3521	4556514	0.065462	84.714637
by	3498	4560012	0.065035	84.779672
 M	3496	4563508	0.064998	84.844670
e’	3413	4566921	0.063454	84.908124
ap	3409	4570330	0.063380	84.971504
t\x0A	3404	4573734	0.063287	85.034791
 B	3396	4577130	0.063138	85.097930
d\x0A	3394	4580524	0.063101	85.161031
wn	3389	4583913	0.063008	85.224039
No	3386	4587299	0.062952	85.286991
 L	3355	4590654	0.062376	85.349368
ES	3355	4594009	0.062376	85.411744
 W	3346	4597355	0.062209	85.473952
ST	3330	4600685	0.061911	85.535864
l,	3324	4604009	0.061800	85.597664
E.	3258	4607267	0.060573	85.658236
ia	3251	4610518	0.060443	85.718679
pi	3248	4613766	0.060387	85.779065
ff	3236	4617002	0.060164	85.839229
Bu	3231	4620233	0.060071	85.899300
! 	3230	4623463	0.060052	85.959352
]\x0A	3227	4626690	0.059996	86.019348
 E	3205	4629895	0.059587	86.078936
o,	3201	4633096	0.059513	86.138449
p 	3190	4636286	0.059308	86.197757
nk	3189	4639475	0.059290	86.257047
ls	3175	4642650	0.059030	86.316076
ON	3124	4645774	0.058081	86.374158
\x0AE	3083	4648857	0.057319	86.431477
 G	3066	4651923	0.057003	86.488480
gi	3062	4654985	0.056929	86.545409
? 	3056	4658041	0.056817	86.602226
LE	3054	4661095	0.056780	86.659006
A.	3046	4664141	0.056631	86.715637
sw	3018	4667159	0.056111	86.771747
h,	2998	4670157	0.055739	86.827486
\x0AY	2994	4673151	0.055664	86.883150
En	2972	4676123	0.055255	86.938406
RI	2965	4679088	0.055125	86.993531
Yo	2957	4682045	0.054976	87.048508
N.	2936	4684981	0.054586	87.103094
hu	2922	4687903	0.054326	87.157419
ab	2911	4690814	0.054121	87.211541
cr	2855	4693669	0.053080	87.264621
op	2834	4696503	0.052690	87.317311
qu	2820	4699323	0.052429	87.369740
ok	2791	4702114	0.051890	87.421630
rm	2755	4704869	0.051221	87.472851
lf	2751	4707620	0.051147	87.523998
Fo	2740	4710360	0.050942	87.574940
\x0AG	2738	4713098	0.050905	87.625844
\x0A[	2734	4715832	0.050830	87.676675
ew	2731	4718563	0.050775	87.727450
ny	2710	4721273	0.050384	87.777834
’ 	2709	4723982	0.050366	87.828200
dr	2693	4726675	0.050068	87.878268
ik	2690	4729365	0.050012	87.928280
’l	2671	4732036	0.049659	87.977939
um	2668	4734704	0.049603	88.027543
Ma	2667	4737371	0.049585	88.077128
aw	2657	4740028	0.049399	88.126527
 F	2656	4742684	0.049380	88.175907
e;	2646	4745330	0.049194	88.225101
OR	2644	4747974	0.049157	88.274259
ci	2623	4750597	0.048767	88.323025
R.	2617	4753214	0.048655	88.371681
lt	2602	4755816	0.048376	88.420057
A 	2560	4758376	0.047595	88.467652
CE	2542	4760918	0.047261	88.514913
rc	2484	4763402	0.046182	88.561096
NE	2480	4765882	0.046108	88.607204
fu	2479	4768361	0.046090	88.653293
sc	2436	4770797	0.045290	88.698583
cu	2427	4773224	0.045123	88.743706
ys	2394	4775618	0.044509	88.788215
e?	2383	4778001	0.044305	88.832520
IO	2378	4780379	0.044212	88.876732
Co	2373	4782752	0.044119	88.920851
’t	2368	4785120	0.044026	88.964876
AL	2329	4787449	0.043301	89.008177
mb	2326	4789775	0.043245	89.051422
n\x0A	2326	4792101	0.043245	89.094667
Ex	2325	4794426	0.043226	89.137893
IA	2318	4796744	0.043096	89.180990
RO	2314	4799058	0.043022	89.224011
m,	2304	4801362	0.042836	89.266847
dy	2301	4803663	0.042780	89.309628
r’	2299	4805962	0.042743	89.352371
NT	2296	4808258	0.042687	89.395058
OL	2292	4810550	0.042613	89.437671
LO	2290	4812840	0.042576	89.480246
hr	2272	4815112	0.042241	89.522487
 O	2259	4817371	0.041999	89.564486
Wi	2254	4819625	0.041906	89.606393
pp	2252	4821877	0.041869	89.648262
D.	2251	4824128	0.041851	89.690113
Go	2232	4826360	0.041497	89.731610
rl	2219	4828579	0.041256	89.772865
 R	2204	4830783	0.040977	89.813842
 D	2203	4832986	0.040958	89.854800
r\x0A	2195	4835181	0.040809	89.895610
RD	2194	4837375	0.040791	89.936401
Be	2188	4839563	0.040679	89.977080
 ’	2181	4841744	0.040549	90.017629
We	2179	4843923	0.040512	90.058141
gu	2176	4846099	0.040456	90.098597
NG	2170	4848269	0.040345	90.138942
cl	2160	4850429	0.040159	90.179100
Ca	2157	4852586	0.040103	90.219203
LI	2155	4854741	0.040066	90.259269
ui	2148	4856889	0.039936	90.299205
nn	2144	4859033	0.039861	90.339066
pu	2143	4861176	0.039843	90.378908
LA	2137	4863313	0.039731	90.418639
oi	2129	4865442	0.039582	90.458222
As	2073	4867515	0.038541	90.496763
HE	2065	4869580	0.038392	90.535155
l.	2058	4871638	0.038262	90.573418
_E	2049	4873687	0.038095	90.611513
ft	2048	4875735	0.038076	90.649589
I’	2044	4877779	0.038002	90.687591
Ha	2043	4879822	0.037983	90.725575
TH	2018	4881840	0.037519	90.763093
TI	1992	4883832	0.037035	90.800128
u,	1990	4885822	0.036998	90.837126
SE	1965	4887787	0.036533	90.873660
n’	1949	4889736	0.036236	90.909895
w,	1946	4891682	0.036180	90.946075
ob	1941	4893623	0.036087	90.982162
So	1936	4895559	0.035994	91.018157
g,	1929	4897488	0.035864	91.054020
\x0AK	1928	4899416	0.035845	91.089866
tw	1922	4901338	0.035734	91.125600
y\x0A	1920	4903258	0.035697	91.161296
ms	1918	4905176	0.035659	91.196956
oc	1910	4907086	0.035511	91.232466
MA	1902	4908988	0.035362	91.267828
\x0AR	1898	4910886	0.035288	91.303116
Ho	1898	4912784	0.035288	91.338403
va	1890	4914674	0.035139	91.373542
ks	1884	4916558	0.035027	91.408570
ud	1878	4918436	0.034916	91.443485
My	1877	4920313	0.034897	91.478383
ex	1875	4922188	0.034860	91.513243
m.	1863	4924051	0.034637	91.547879
ND	1857	4925908	0.034525	91.582405
EL	1853	4927761	0.034451	91.616856
rk	1848	4929609	0.034358	91.651214
If	1847	4931456	0.034339	91.685553
rg	1843	4933299	0.034265	91.719818
gl	1838	4935137	0.034172	91.753990
T.	1834	4936971	0.034098	91.788088
af	1832	4938803	0.034061	91.822148
fl	1831	4940634	0.034042	91.856190
: 	1823	4942457	0.033893	91.890083
Lo	1815	4944272	0.033744	91.923828
s;	1814	4946086	0.033726	91.957554
ET	1800	4947886	0.033466	91.991019
k,	1796	4949682	0.033391	92.024411
lu	1795	4951477	0.033373	92.057783
TE	1781	4953258	0.033112	92.090895
sl	1769	4955027	0.032889	92.123785
t’	1767	4956794	0.032852	92.156637
bi	1761	4958555	0.032740	92.189377
gs	1756	4960311	0.032648	92.222025
rv	1751	4962062	0.032555	92.254579
Sh	1744	4963806	0.032424	92.287004
ws	1743	4965549	0.032406	92.319410
eg	1737	4967286	0.032294	92.351704
HA	1733	4969019	0.032220	92.383924
Si	1726	4970745	0.032090	92.416013
 K	1723	4972468	0.032034	92.448047
CH	1720	4974188	0.031978	92.480026
ip	1715	4975903	0.031885	92.511911
 j	1698	4977601	0.031569	92.543480
oy	1694	4979295	0.031495	92.574975
Y.	1694	4980989	0.031495	92.606470
h’	1678	4982667	0.031197	92.637667
eu	1651	4984318	0.030695	92.668363
IC	1649	4985967	0.030658	92.699021
h.	1643	4987610	0.030547	92.729567
oa	1634	4989244	0.030379	92.759947
Le	1629	4990873	0.030286	92.790233
SS	1618	4992491	0.030082	92.820315
BE	1609	4994100	0.029915	92.850229
o.	1600	4995700	0.029747	92.879976
In	1599	4997299	0.029729	92.909705
LL	1560	4998859	0.029003	92.938709
:\x0A	1556	5000415	0.028929	92.967638
e!	1555	5001970	0.028911	92.996548
 q	1543	5003513	0.028687	93.025236
KI	1519	5005032	0.028241	93.053477
 [	1516	5006548	0.028185	93.081662
s’	1507	5008055	0.028018	93.109680
vo	1503	5009558	0.027944	93.137624
O 	1502	5011060	0.027925	93.165549
IR	1498	5012558	0.027851	93.193400
pt	1474	5014032	0.027405	93.220805
xe	1468	5015500	0.027293	93.248098
RE	1454	5016954	0.027033	93.275131
g.	1450	5018404	0.026958	93.302089
ub	1435	5019839	0.026679	93.328768
TO	1432	5021271	0.026624	93.355392
IU	1430	5022701	0.026587	93.381979
Pr	1416	5024117	0.026326	93.408305
du	1408	5025525	0.026178	93.434482
oe	1400	5026925	0.026029	93.460511
Ti	1400	5028325	0.026029	93.486540
RA	1397	5029722	0.025973	93.512513
TR	1378	5031100	0.025620	93.538133
tc	1375	5032475	0.025564	93.563697
Ki	1373	5033848	0.025527	93.589223
CO	1371	5035219	0.025490	93.614713
mm	1366	5036585	0.025397	93.640110
Ro	1363	5037948	0.025341	93.665451
s?	1360	5039308	0.025285	93.690736
CA	1349	5040657	0.025081	93.715816
t;	1345	5042002	0.025006	93.740823
I.	1342	5043344	0.024950	93.765773
\x0At	1337	5044681	0.024857	93.790630
wr	1334	5046015	0.024802	93.815432
TA	1329	5047344	0.024709	93.840141
SI	1329	5048673	0.024709	93.864850
o’	1328	5050001	0.024690	93.889540
nf	1318	5051319	0.024504	93.914044
’e	1318	5052637	0.024504	93.938548
 N	1314	5053951	0.024430	93.962978
Fr	1312	5055263	0.024393	93.987371
 J	1292	5056555	0.024021	94.011392
II	1291	5057846	0.024002	94.035394
ua	1277	5059123	0.023742	94.059136
iu	1274	5060397	0.023686	94.082822
d;	1269	5061666	0.023593	94.106415
eo	1268	5062934	0.023575	94.129990
UC	1267	5064201	0.023556	94.153546
NI	1263	5065464	0.023482	94.177028
AT	1251	5066715	0.023259	94.200286
T 	1223	5067938	0.022738	94.223024
AM	1213	5069151	0.022552	94.245576
Do	1209	5070360	0.022478	94.268054
ph	1209	5071569	0.022478	94.290532
Of	1191	5072760	0.022143	94.312675
DE	1190	5073950	0.022124	94.334799
NA	1186	5075136	0.022050	94.356849
Al	1185	5076321	0.022032	94.378881
MO	1179	5077500	0.021920	94.400801
t?	1174	5078674	0.021827	94.422628
xi	1173	5079847	0.021808	94.444436
SA	1164	5081011	0.021641	94.466077
PA	1161	5082172	0.021585	94.487663
MI	1150	5083322	0.021381	94.509043
It	1136	5084458	0.021120	94.530164
RS	1135	5085593	0.021102	94.551266
GE	1129	5086722	0.020990	94.572256
E 	1127	5087849	0.020953	94.593209
AC	1123	5088972	0.020879	94.614088
dl	1119	5090091	0.020804	94.634892
ME	1118	5091209	0.020786	94.655678
LU	1115	5092324	0.020730	94.676408
IL	1108	5093432	0.020600	94.697008
IS	1107	5094539	0.020581	94.717590
gn	1103	5095642	0.020507	94.738097
O,	1102	5096744	0.020488	94.758585
—\x0A	1102	5097846	0.020488	94.779073
CL	1095	5098941	0.020358	94.799432
je	1085	5100026	0.020172	94.819604
h\x0A	1083	5101109	0.020135	94.839739
NC	1082	5102191	0.020117	94.859855
s!	1076	5103267	0.020005	94.879860
PE	1074	5104341	0.019968	94.899828
Is	1069	5105410	0.019875	94.919703
r;	1067	5106477	0.019838	94.939541
Pa	1066	5107543	0.019819	94.959360
 Y	1059	5108602	0.019689	94.979049
SC	1055	5109657	0.019615	94.998663
OS	1030	5110687	0.019150	95.017813
d?	1025	5111712	0.019057	95.036870
ps	1023	5112735	0.019020	95.055889
] 	1020	5113755	0.018964	95.074853
nl	1011	5114766	0.018796	95.093650
AS	1005	5115771	0.018685	95.112335
l\x0A	1003	5116774	0.018648	95.130982
u.	996	5117770	0.018518	95.149500
\x0AU	990	5118760	0.018406	95.167906
r?	989	5119749	0.018387	95.186294
n;	971	5120720	0.018053	95.204346
Mo	963	5121683	0.017904	95.222250
a,	963	5122646	0.017904	95.240155
ju	955	5123601	0.017755	95.257910
BA	950	5124551	0.017662	95.275572
OT	947	5125498	0.017607	95.293179
EM	947	5126445	0.017607	95.310785
og	947	5127392	0.017607	95.328392
Hi	926	5128318	0.017216	95.345608
G 	925	5129243	0.017198	95.362806
FI	923	5130166	0.017160	95.379966
By	920	5131086	0.017105	95.397071
 V	917	5132003	0.017049	95.414120
Sc	915	5132918	0.017012	95.431131
CI	915	5133833	0.017012	95.448143
rp	914	5134747	0.016993	95.465136
ED	913	5135660	0.016974	95.482111
f,	911	5136571	0.016937	95.499048
HO	908	5137479	0.016882	95.515929
Or	908	5138387	0.016882	95.532811
Se	904	5139291	0.016807	95.549618
lv	902	5140193	0.016770	95.566388
nu	893	5141086	0.016603	95.582991
n?	892	5141978	0.016584	95.599575
’T	890	5142868	0.016547	95.616122
d’	889	5143757	0.016528	95.632650
rf	885	5144642	0.016454	95.649104
ib	882	5145524	0.016398	95.665502
\x0Aa	881	5146405	0.016380	95.681881
lk	881	5147286	0.016380	95.698261
DO	878	5148164	0.016324	95.714585
l’	878	5149042	0.016324	95.730909
K.	876	5149918	0.016287	95.747195
Ye	874	5150792	0.016249	95.763445
Fa	872	5151664	0.016212	95.779657
HI	871	5152535	0.016194	95.795850
VI	862	5153397	0.016026	95.811877
Ar	858	5154255	0.015952	95.827829
Du	858	5155113	0.015952	95.843780
y’	848	5155961	0.015766	95.859546
dd	848	5156809	0.015766	95.875312
FF	847	5157656	0.015747	95.891060
k.	846	5158502	0.015729	95.906789
sm	841	5159343	0.015636	95.922425
uk	841	5160184	0.015636	95.938060
St	829	5161013	0.015413	95.953473
DI	826	5161839	0.015357	95.968830
Gr	822	5162661	0.015283	95.984113
D 	819	5163480	0.015227	95.999340
IT	814	5164294	0.015134	96.014473
cc	813	5165107	0.015115	96.029589
dg	812	5165919	0.015097	96.044685
RT	806	5166725	0.014985	96.059671
PH	804	5167529	0.014948	96.074619
w.	793	5168322	0.014743	96.089362
PR	793	5169115	0.014743	96.104105
OM	790	5169905	0.014688	96.118793
OU	786	5170691	0.014613	96.133406
DU	783	5171474	0.014558	96.147964
Di	775	5172249	0.014409	96.162373
jo	774	5173023	0.014390	96.176763
OW	774	5173797	0.014390	96.191153
\x0Aw	773	5174570	0.014372	96.205525
y;	770	5175340	0.014316	96.219841
 “	767	5176107	0.014260	96.234101
\x0A’	759	5176866	0.014111	96.248212
UR	755	5177621	0.014037	96.262249
Tr	752	5178373	0.013981	96.276230
Sa	748	5179121	0.013907	96.290137
La	747	5179868	0.013888	96.304025
KE	745	5180613	0.013851	96.317876
eh	742	5181355	0.013795	96.331671
Re	740	5182095	0.013758	96.345429
sk	738	5182833	0.013721	96.359150
Wa	734	5183567	0.013647	96.372797
e-	730	5184297	0.013572	96.386369
AG	729	5185026	0.013554	96.399923
EO	729	5185755	0.013554	96.413476
RU	729	5186484	0.013554	96.427030
QU	728	5187212	0.013535	96.440565
\x0As	723	5187935	0.013442	96.454007
Na	719	5188654	0.013368	96.467374
Pe	719	5189373	0.013368	96.480742
Ay	717	5190090	0.013330	96.494072
o\x0A	717	5190807	0.013330	96.507403
ek	716	5191523	0.013312	96.520715
\x0AV	715	5192238	0.013293	96.534008
De	710	5192948	0.013200	96.547208
Br	708	5193656	0.013163	96.560371
.]	705	5194361	0.013107	96.573479
CK	703	5195064	0.013070	96.586549
f\x0A	700	5195764	0.013014	96.599563
uf	695	5196459	0.012921	96.612485
_.	693	5197152	0.012884	96.625369
UE	689	5197841	0.012810	96.638179
t!	687	5198528	0.012773	96.650951
\x0Ah	687	5199215	0.012773	96.663724
H.	685	5199900	0.012736	96.676460
L.	681	5200581	0.012661	96.689121
e:	680	5201261	0.012643	96.701763
f.	675	5201936	0.012550	96.714313
EE	673	5202609	0.012512	96.726825
UL	669	5203278	0.012438	96.739263
yi	667	5203945	0.012401	96.751664
Me	662	5204607	0.012308	96.763972
k’	661	5205268	0.012289	96.776261
y?	661	5205929	0.012289	96.788551
eb	659	5206588	0.012252	96.800803
rb	659	5207247	0.012252	96.813055
p,	657	5207904	0.012215	96.825270
ze	655	5208559	0.012178	96.837448
d!	654	5209213	0.012159	96.849607
NO	650	5209863	0.012085	96.861692
PO	650	5210513	0.012085	96.873776
sb	644	5211157	0.011973	96.885750
g\x0A	644	5211801	0.011973	96.897723
RY	639	5212440	0.011880	96.909603
cy	638	5213078	0.011862	96.921465
bs	636	5213714	0.011825	96.933289
xt	631	5214345	0.011732	96.945021
m\x0A	630	5214975	0.011713	96.956734
FO	629	5215604	0.011694	96.968428
TU	628	5216232	0.011676	96.980104
hs	628	5216860	0.011676	96.991780
n!	628	5217488	0.011676	97.003456
AU	627	5218115	0.011657	97.015113
OF	624	5218739	0.011601	97.026714
At	624	5219363	0.011601	97.038315
EC	622	5219985	0.011564	97.049880
Po	616	5220601	0.011453	97.061332
Ta	612	5221213	0.011378	97.072711
lp	610	5221823	0.011341	97.084052
Ou	610	5222433	0.011341	97.095393
Cl	607	5223040	0.011285	97.106678
IM	606	5223646	0.011267	97.117945
ae	606	5224252	0.011267	97.129212
AD	601	5224853	0.011174	97.140385
a.	601	5225454	0.011174	97.151559
lc	597	5226051	0.011099	97.162659
I\x0A	594	5226645	0.011044	97.173702
S 	591	5227236	0.010988	97.184690
GA	589	5227825	0.010951	97.195641
F 	588	5228413	0.010932	97.206573
nv	585	5228998	0.010876	97.217449
AF	584	5229582	0.010858	97.228307
xc	581	5230163	0.010802	97.239109
_T	581	5230744	0.010802	97.249911
WA	581	5231325	0.010802	97.260713
F.	581	5231906	0.010802	97.271515
On	579	5232485	0.010765	97.282279
\x0AQ	577	5233062	0.010728	97.293007
hn	573	5233635	0.010653	97.303660
Ba	572	5234207	0.010635	97.314295
w\x0A	571	5234778	0.010616	97.324911
GO	571	5235349	0.010616	97.335527
\x0AJ	570	5235919	0.010597	97.346124
gg	565	5236484	0.010504	97.356629
LS	565	5237049	0.010504	97.367133
Wo	562	5237611	0.010449	97.377582
y!	559	5238170	0.010393	97.387975
N 	557	5238727	0.010356	97.398331
FA	557	5239284	0.010356	97.408686
lm	554	5239838	0.010300	97.418986
DA	554	5240392	0.010300	97.429286
r!	543	5240935	0.010095	97.439382
Mi	542	5241477	0.010077	97.449459
Un	540	5242017	0.010040	97.459498
CT	540	5242557	0.010040	97.469538
IE	536	5243093	0.009965	97.479503
rw	535	5243628	0.009947	97.489450
DR	534	5244162	0.009928	97.499378
\x0Am	533	5244695	0.009910	97.509288
_A	527	5245222	0.009798	97.519086
\x0Ab	526	5245748	0.009779	97.528865
UT	524	5246272	0.009742	97.538607
l;	524	5246796	0.009742	97.548349
a\x0A	523	5247319	0.009724	97.558073
BO	521	5247840	0.009686	97.567759
Li	520	5248360	0.009668	97.577427
BR	517	5248877	0.009612	97.587039
v’	515	5249392	0.009575	97.596614
Jo	505	5249897	0.009389	97.606003
EA	504	5250401	0.009370	97.615373
CU	503	5250904	0.009352	97.624725
NS	497	5251401	0.009240	97.633965
\x0Ac	497	5251898	0.009240	97.643206
G.	497	5252395	0.009240	97.652446
VA	496	5252891	0.009222	97.661668
Ch	495	5253386	0.009203	97.670871
s:	495	5253881	0.009203	97.680074
m’	489	5254370	0.009091	97.689165
” 	489	5254859	0.009091	97.698257
 Q	489	5255348	0.009091	97.707348
IV	488	5255836	0.009073	97.716421
g’	487	5256323	0.009054	97.725475
k\x0A	481	5256804	0.008943	97.734418
Bo	480	5257284	0.008924	97.743342
sy	480	5257764	0.008924	97.752266
p.	480	5258244	0.008924	97.761190
Su	476	5258720	0.008850	97.770040
o?	474	5259194	0.008813	97.778853
RC	472	5259666	0.008775	97.787628
ya	472	5260138	0.008775	97.796404
WN	471	5260609	0.008757	97.805160
.—	468	5261077	0.008701	97.813862
UK	467	5261544	0.008682	97.822544
nr	465	5262009	0.008645	97.831189
Qu	463	5262472	0.008608	97.839797
mn	462	5262934	0.008589	97.848387
dv	460	5263394	0.008552	97.856939
Ri	460	5263854	0.008552	97.865491
ID	459	5264313	0.008534	97.874025
Ne	453	5264766	0.008422	97.882447
Fi	452	5265218	0.008404	97.890851
\x0A“	450	5265668	0.008366	97.899217
bt	447	5266115	0.008311	97.907528
AB	445	5266560	0.008273	97.915801
BU	442	5267002	0.008218	97.924019
kl	439	5267441	0.008162	97.932181
Gi	437	5267878	0.008125	97.940306
w’	436	5268314	0.008106	97.948412
dn	435	5268749	0.008088	97.956499
UN	431	5269180	0.008013	97.964512
RL	431	5269611	0.008013	97.972526
c 	430	5270041	0.007995	97.980520
M.	430	5270471	0.007995	97.988515
u\x0A	428	5270899	0.007957	97.996472
r-	423	5271322	0.007864	98.004336
SH	420	5271742	0.007809	98.012145
eq	419	5272161	0.007790	98.019935
\x0Af	417	5272578	0.007753	98.027688
NR	416	5272994	0.007734	98.035422
ix	413	5273407	0.007678	98.043101
WI	412	5273819	0.007660	98.050761
R 	410	5274229	0.007623	98.058383
W.	408	5274637	0.007586	98.065969
oh	408	5275045	0.007586	98.073554
LY	408	5275453	0.007586	98.081140
UM	403	5275856	0.007493	98.088632
-b	400	5276256	0.007437	98.096069
Ev	400	5276656	0.007437	98.103506
Ge	400	5277056	0.007437	98.110943
m;	400	5277456	0.007437	98.118380
py	398	5277854	0.007400	98.125779
iz	398	5278252	0.007400	98.133179
t-	393	5278645	0.007307	98.140485
’r	393	5279038	0.007307	98.147792
xp	393	5279431	0.007307	98.155099
tn	392	5279823	0.007288	98.162387
Up	391	5280214	0.007269	98.169656
uo	390	5280604	0.007251	98.176907
\x0Ao	389	5280993	0.007232	98.184139
NY	388	5281381	0.007214	98.191353
AI	388	5281769	0.007214	98.198567
Lu	387	5282156	0.007195	98.205762
NU	386	5282542	0.007177	98.212938
,—	385	5282927	0.007158	98.220096
bb	385	5283312	0.007158	98.227254
\x0Ap	384	5283696	0.007139	98.234394
yr	383	5284079	0.007121	98.241514
o;	383	5284462	0.007121	98.248635
wl	380	5284842	0.007065	98.255700
Sp	377	5285219	0.007009	98.262709
-s	376	5285595	0.006991	98.269700
\x0Ai	375	5285970	0.006972	98.276672
vy	371	5286341	0.006898	98.283569
Mu	370	5286711	0.006879	98.290448
t:	369	5287080	0.006860	98.297309
u?	369	5287449	0.006860	98.304169
dw	368	5287817	0.006842	98.311011
 _	368	5288185	0.006842	98.317853
h;	367	5288552	0.006823	98.324676
”\x0A	366	5288918	0.006805	98.331481
ML	364	5289282	0.006767	98.338248
o!	363	5289645	0.006749	98.344997
HU	363	5290008	0.006749	98.351746
az	361	5290369	0.006712	98.358458
l-	361	5290730	0.006712	98.365170
I,	359	5291089	0.006675	98.371844
u’	359	5291448	0.006675	98.378519
SP	358	5291806	0.006656	98.385175
V.	357	5292163	0.006637	98.391812
i’	355	5292518	0.006600	98.398412
SU	354	5292872	0.006582	98.404994
OB	353	5293225	0.006563	98.411557
g;	348	5293573	0.006470	98.418027
ym	348	5293921	0.006470	98.424497
EY	348	5294269	0.006470	98.430967
OP	347	5294616	0.006451	98.437418
IZ	347	5294963	0.006451	98.443869
AP	346	5295309	0.006433	98.450302
Te	346	5295655	0.006433	98.456735
RG	345	5296000	0.006414	98.463149
a’	344	5296344	0.006396	98.469545
m?	344	5296688	0.006396	98.475941
\x0Ad	343	5297031	0.006377	98.482318
RV	341	5297372	0.006340	98.488658
nj	340	5297712	0.006321	98.494979
SO	338	5298050	0.006284	98.501263
Ed	338	5298388	0.006284	98.507547
EP	337	5298725	0.006265	98.513813
dm	335	5299060	0.006228	98.520041
d:	333	5299393	0.006191	98.526232
_\x0A	333	5299726	0.006191	98.532423
Ju	328	5300054	0.006098	98.538521
mf	327	5300381	0.006080	98.544601
sd	325	5300706	0.006042	98.550643
GR	320	5301026	0.005949	98.556593
MU	318	5301344	0.005912	98.562505
PI	318	5301662	0.005912	98.568417
Fl	316	5301978	0.005875	98.574292
GL	316	5302294	0.005875	98.580167
b 	312	5302606	0.005801	98.585968
Gl	312	5302918	0.005801	98.591769
l!	307	5303225	0.005708	98.597476
JU	306	5303531	0.005689	98.603166
Pl	306	5303837	0.005689	98.608855
aj	305	5304142	0.005671	98.614525
IP	303	5304445	0.005633	98.620159
PU	303	5304748	0.005633	98.625792
DY	301	5305049	0.005596	98.631388
TL	301	5305350	0.005596	98.636984
d-	301	5305651	0.005596	98.642581
EU	301	5305952	0.005596	98.648177
nq	300	5306252	0.005578	98.653754
l?	300	5306552	0.005578	98.659332
\x0A_	300	5306852	0.005578	98.664910
.”	299	5307151	0.005559	98.670469
r:	297	5307448	0.005522	98.675990
GH	295	5307743	0.005485	98.681475
Ve	295	5308038	0.005485	98.686960
AE	293	5308331	0.005447	98.692407
Da	293	5308624	0.005447	98.697855
VO	293	5308917	0.005447	98.703302
p’	292	5309209	0.005429	98.708731
-h	290	5309499	0.005392	98.714123
RM	286	5309785	0.005317	98.719440
RN	286	5310071	0.005317	98.724757
w?	284	5310355	0.005280	98.730037
Dr	284	5310639	0.005280	98.735317
yt	281	5310920	0.005224	98.740542
CR	278	5311198	0.005169	98.745710
hm	278	5311476	0.005169	98.750879
\x0An	278	5311754	0.005169	98.756048
\x0Al	277	5312031	0.005150	98.761197
bj	272	5312303	0.005057	98.766255
YO	271	5312574	0.005038	98.771293
LD	271	5312845	0.005038	98.776331
Cr	270	5313115	0.005020	98.781351
Ag	269	5313384	0.005001	98.786352
FR	267	5313651	0.004964	98.791317
UF	267	5313918	0.004964	98.796281
\x0Ay	266	5314184	0.004945	98.801226
Tw	266	5314450	0.004945	98.806171
GU	264	5314714	0.004908	98.811080
g?	264	5314978	0.004908	98.815988
_S	264	5315242	0.004908	98.820896
Ga	262	5315504	0.004871	98.825767
lb	262	5315766	0.004871	98.830639
MB	261	5316027	0.004853	98.835491
Kn	258	5316285	0.004797	98.840288
-c	257	5316542	0.004778	98.845066
nm	257	5316799	0.004778	98.849844
-f	256	5317055	0.004760	98.854604
UI	256	5317311	0.004760	98.859363
Sw	255	5317566	0.004741	98.864104
Bi	252	5317818	0.004685	98.868789
p\x0A	251	5318069	0.004667	98.873456
FE	250	5318319	0.004648	98.878104
nw	250	5318569	0.004648	98.882752
nh	250	5318819	0.004648	98.887400
Y 	249	5319068	0.004629	98.892029
e_	249	5319317	0.004629	98.896659
n-	247	5319564	0.004592	98.901251
x 	246	5319810	0.004574	98.905825
 ‘	245	5320055	0.004555	98.910380
nb	244	5320299	0.004536	98.914916
e—	244	5320543	0.004536	98.919452
-d	243	5320786	0.004518	98.923970
ZE	243	5321029	0.004518	98.928488
Pi	242	5321271	0.004499	98.932987
-l	242	5321513	0.004499	98.937487
BI	242	5321755	0.004499	98.941986
EW	241	5321996	0.004481	98.946467
n:	241	5322237	0.004481	98.950947
OC	240	5322477	0.004462	98.955409
h?	239	5322716	0.004443	98.959853
ja	236	5322952	0.004388	98.964241
h!	235	5323187	0.004369	98.968610
YR	234	5323421	0.004351	98.972960
Ea	233	5323654	0.004332	98.977292
gt	232	5323886	0.004313	98.981605
Fe	229	5324115	0.004258	98.985863
Hu	226	5324341	0.004202	98.990065
-t	224	5324565	0.004165	98.994229
-w	223	5324788	0.004146	98.998375
Am	221	5325009	0.004109	99.002484
\x0Ag	221	5325230	0.004109	99.006593
RK	220	5325450	0.004090	99.010683
y-	216	5325666	0.004016	99.014699
hl	214	5325880	0.003979	99.018678
xa	213	5326093	0.003960	99.022638
ax	212	5326305	0.003942	99.026579
CB	209	5326514	0.003886	99.030465
,”	209	5326723	0.003886	99.034351
Tu	208	5326931	0.003867	99.038218
JA	208	5327139	0.003867	99.042085
Ad	206	5327345	0.003830	99.045915
\x0Ar	206	5327551	0.003830	99.049745
Pu	205	5327756	0.003811	99.053556
VE	204	5327960	0.003793	99.057349
Aw	204	5328164	0.003793	99.061142
SY	204	5328368	0.003793	99.064935
y:	203	5328571	0.003774	99.068709
YS	203	5328774	0.003774	99.072483
LK	203	5328977	0.003774	99.076257
df	202	5329179	0.003756	99.080013
s_	202	5329381	0.003756	99.083768
MP	201	5329582	0.003737	99.087505
OI	201	5329783	0.003737	99.091242
BY	201	5329984	0.003737	99.094979
Gu	199	5330183	0.003700	99.098679
-p	199	5330382	0.003700	99.102379
sn	198	5330580	0.003681	99.106060
\x0Ae	198	5330778	0.003681	99.109741
OG	198	5330976	0.003681	99.113423
KA	197	5331173	0.003663	99.117085
WO	195	5331368	0.003625	99.120711
Ja	194	5331562	0.003607	99.124318
sf	193	5331755	0.003588	99.127906
Ac	193	5331948	0.003588	99.131494
Ka	193	5332141	0.003588	99.135082
OO	191	5332332	0.003551	99.138633
JO	191	5332523	0.003551	99.142184
fy	191	5332714	0.003551	99.145736
rh	191	5332905	0.003551	99.149287
-m	191	5333096	0.003551	99.152838
g-	189	5333285	0.003514	99.156352
ah	189	5333474	0.003514	99.159865
-a	186	5333660	0.003458	99.163324
FL	186	5333846	0.003458	99.166782
k;	186	5334032	0.003458	99.170240
RW	186	5334218	0.003458	99.173698
Je	185	5334403	0.003440	99.177137
wd	183	5334586	0.003402	99.180540
UD	183	5334769	0.003402	99.183942
sg	182	5334951	0.003384	99.187326
tm	181	5335132	0.003365	99.190691
Bl	181	5335313	0.003365	99.194056
Ph	180	5335493	0.003347	99.197403
HN	179	5335672	0.003328	99.200731
h-	179	5335851	0.003328	99.204059
m!	179	5336030	0.003328	99.207387
s—	179	5336209	0.003328	99.210714
ZA	178	5336387	0.003309	99.214024
Vi	176	5336563	0.003272	99.217296
OH	175	5336738	0.003254	99.220550
-e	175	5336913	0.003254	99.223803
u;	175	5337088	0.003254	99.227057
Ah	173	5337261	0.003216	99.230273
a!	173	5337434	0.003216	99.233490
AV	172	5337606	0.003198	99.236687
LV	172	5337778	0.003198	99.239885
a-	171	5337949	0.003179	99.243065
k!	171	5338120	0.003179	99.246244
Va	170	5338290	0.003161	99.249404
w;	170	5338460	0.003161	99.252565
tf	169	5338629	0.003142	99.255707
ox	169	5338798	0.003142	99.258849
k?	169	5338967	0.003142	99.261991
DW	169	5339136	0.003142	99.265133
SD	168	5339304	0.003123	99.268257
YM	167	5339471	0.003105	99.271362
lr	167	5339638	0.003105	99.274466
Ke	167	5339805	0.003105	99.277571
WE	165	5339970	0.003068	99.280639
S,	164	5340134	0.003049	99.283688
 1	163	5340297	0.003030	99.286719
ml	163	5340460	0.003030	99.289749
’n	163	5340623	0.003030	99.292780
oj	162	5340785	0.003012	99.295791
EB	162	5340947	0.003012	99.298803
RR	162	5341109	0.003012	99.301815
fs	162	5341271	0.003012	99.304827
LB	162	5341433	0.003012	99.307839
Ap	160	5341593	0.002975	99.310814
!—	160	5341753	0.002975	99.313788
hf	158	5341911	0.002938	99.316726
yp	158	5342069	0.002938	99.319664
Ab	157	5342226	0.002919	99.322582
 U	156	5342382	0.002900	99.325483
_ 	156	5342538	0.002900	99.328383
f;	156	5342694	0.002900	99.331284
V\x0A	155	5342849	0.002882	99.334165
za	155	5343004	0.002882	99.337047
AW	155	5343159	0.002882	99.339929
Au	154	5343313	0.002863	99.342792
NN	154	5343467	0.002863	99.345655
IG	154	5343621	0.002863	99.348518
Ra	154	5343775	0.002863	99.351381
Em	154	5343929	0.002863	99.354245
TS	150	5344079	0.002789	99.357033
Cu	150	5344229	0.002789	99.359822
!”	150	5344379	0.002789	99.362611
oz	150	5344529	0.002789	99.365400
hb	149	5344678	0.002770	99.368170
YE	149	5344827	0.002770	99.370940
 (	144	5344971	0.002677	99.373617
Er	143	5345114	0.002659	99.376276
TC	143	5345257	0.002659	99.378935
RB	142	5345399	0.002640	99.381575
g!	141	5345540	0.002621	99.384196
gd	138	5345678	0.002566	99.386762
GB	138	5345816	0.002566	99.389328
—t	136	5345952	0.002529	99.391856
’\x0A	135	5346087	0.002510	99.394366
cq	135	5346222	0.002510	99.396876
gm	135	5346357	0.002510	99.399386
c.	134	5346491	0.002491	99.401877
d—	134	5346625	0.002491	99.404369
w!	134	5346759	0.002491	99.406860
El	133	5346892	0.002473	99.409333
CY	132	5347024	0.002454	99.411787
OV	132	5347156	0.002454	99.414241
“T	132	5347288	0.002454	99.416695
LP	132	5347420	0.002454	99.419149
uy	131	5347551	0.002436	99.421585
Ol	131	5347682	0.002436	99.424020
OY	131	5347813	0.002436	99.426456
w-	130	5347943	0.002417	99.428873
Sl	130	5348073	0.002417	99.431290
_H	130	5348203	0.002417	99.433707
f?	128	5348331	0.002380	99.436087
c’	128	5348459	0.002380	99.438466
EG	128	5348587	0.002380	99.440846
Ty	127	5348714	0.002361	99.443207
Ru	126	5348840	0.002343	99.445550
TT	126	5348966	0.002343	99.447892
-g	125	5349091	0.002324	99.450216
\x0A‘	125	5349216	0.002324	99.452540
_W	124	5349340	0.002305	99.454846
) 	123	5349463	0.002287	99.457133
ko	122	5349585	0.002268	99.459401
t—	122	5349707	0.002268	99.461669
a?	122	5349829	0.002268	99.463937
_,	122	5349951	0.002268	99.466206
-r	121	5350072	0.002250	99.468455
k-	121	5350193	0.002250	99.470705
X.	121	5350314	0.002250	99.472954
IF	120	5350434	0.002231	99.475185
l:	120	5350554	0.002231	99.477417
’g	120	5350674	0.002231	99.479648
Af	119	5350793	0.002212	99.481860
t_	119	5350912	0.002212	99.484072
AY	119	5351031	0.002212	99.486285
r—	118	5351149	0.002194	99.488479
Im	118	5351267	0.002194	99.490673
MN	118	5351385	0.002194	99.492866
gb	116	5351501	0.002157	99.495023
DG	116	5351617	0.002157	99.497180
gy	115	5351732	0.002138	99.499318
Ce	115	5351847	0.002138	99.501456
np	114	5351961	0.002119	99.503575
.’	114	5352075	0.002119	99.505695
u!	114	5352189	0.002119	99.507814
PT	114	5352303	0.002119	99.509934
UG	114	5352417	0.002119	99.512053
s-	113	5352530	0.002101	99.514154
_D	112	5352642	0.002082	99.516237
—a	112	5352754	0.002082	99.518319
b,	111	5352865	0.002064	99.520383
\x0Au	111	5352976	0.002064	99.522446
_R	110	5353086	0.002045	99.524491
Cy	110	5353196	0.002045	99.526537
Vo	109	5353305	0.002027	99.528563
XE	109	5353414	0.002027	99.530590
f-	108	5353522	0.002008	99.532598
p;	108	5353630	0.002008	99.534605
sq	108	5353738	0.002008	99.536613
SB	108	5353846	0.002008	99.538621
yl	107	5353953	0.001989	99.540611
HS	107	5354060	0.001989	99.542600
IB	107	5354167	0.001989	99.544589
ky	106	5354273	0.001971	99.546560
EV	106	5354379	0.001971	99.548531
Ia	106	5354485	0.001971	99.550502
HY	105	5354590	0.001952	99.552454
n—	104	5354694	0.001934	99.554387
f’	103	5354797	0.001915	99.556302
LC	102	5354899	0.001896	99.558199
BL	101	5355000	0.001878	99.560076
NZ	100	5355100	0.001859	99.561936
OK	99	5355199	0.001841	99.563776
OE	99	5355298	0.001841	99.565617
o:	99	5355397	0.001841	99.567457
Eg	99	5355496	0.001841	99.569298
EX	99	5355595	0.001841	99.571139
PL	98	5355693	0.001822	99.572961
a;	98	5355791	0.001822	99.574783
OD	98	5355889	0.001822	99.576605
HT	97	5355986	0.001803	99.578408
H 	97	5356083	0.001803	99.580212
\x0Ak	97	5356180	0.001803	99.582015
Ci	97	5356277	0.001803	99.583818
wf	96	5356373	0.001785	99.585603
LT	95	5356468	0.001766	99.587369
“A	94	5356562	0.001748	99.589117
Ot	93	5356655	0.001729	99.590846
“W	93	5356748	0.001729	99.592575
P.	93	5356841	0.001729	99.594304
h:	92	5356933	0.001710	99.596015
m:	92	5357025	0.001710	99.597725
SL	92	5357117	0.001710	99.599436
\x0Av	90	5357207	0.001673	99.601109
—w	90	5357297	0.001673	99.602782
yb	90	5357387	0.001673	99.604456
\x0A(	87	5357474	0.001618	99.606073
’a	86	5357560	0.001599	99.607672
Ly	86	5357646	0.001599	99.609271
g:	85	5357731	0.001580	99.610851
c,	85	5357816	0.001580	99.612431
Op	85	5357901	0.001580	99.614012
_K	85	5357986	0.001580	99.615592
lw	84	5358070	0.001562	99.617154
x,	83	5358153	0.001543	99.618697
O’	83	5358236	0.001543	99.620240
p?	83	5358319	0.001543	99.621783
IX	82	5358401	0.001525	99.623308
Fu	82	5358483	0.001525	99.624832
DM	82	5358565	0.001525	99.626357
EI	81	5358646	0.001506	99.627863
b’	81	5358727	0.001506	99.629369
L 	80	5358807	0.001487	99.630856
—I	80	5358887	0.001487	99.632344
?—	80	5358967	0.001487	99.633831
CD	80	5359047	0.001487	99.635318
YL	80	5359127	0.001487	99.636806
hw	79	5359206	0.001469	99.638274
cb	79	5359285	0.001469	99.639743
Ir	78	5359363	0.001450	99.641193
iq	77	5359440	0.001432	99.642625
O!	77	5359517	0.001432	99.644056
PP	76	5359593	0.001413	99.645469
KL	76	5359669	0.001413	99.646882
lg	75	5359744	0.001394	99.648277
AQ	75	5359819	0.001394	99.649671
Aj	74	5359893	0.001376	99.651047
zo	73	5359966	0.001357	99.652404
p!	73	5360039	0.001357	99.653761
_F	73	5360112	0.001357	99.655119
f!	73	5360185	0.001357	99.656476
r_	73	5360258	0.001357	99.657833
“I	73	5360331	0.001357	99.659190
GS	73	5360404	0.001357	99.660548
YC	73	5360477	0.001357	99.661905
Ei	72	5360549	0.001339	99.663243
Nu	72	5360621	0.001339	99.664582
GM	72	5360693	0.001339	99.665921
p-	71	5360764	0.001320	99.667241
ln	71	5360835	0.001320	99.668561
y—	71	5360906	0.001320	99.669881
UB	71	5360977	0.001320	99.671201
)\x0A	70	5361047	0.001301	99.672502
nz	70	5361117	0.001301	99.673804
Py	70	5361187	0.001301	99.675105
rq	70	5361257	0.001301	99.676407
’S	69	5361326	0.001283	99.677689
A,	69	5361395	0.001283	99.678972
_G	69	5361464	0.001283	99.680255
4\x0A	68	5361532	0.001264	99.681519
E\x0A	68	5361600	0.001264	99.682784
6\x0A	68	5361668	0.001264	99.684048
ez	68	5361736	0.001264	99.685312
8\x0A	67	5361803	0.001246	99.686558
0\x0A	67	5361870	0.001246	99.687803
u:	67	5361937	0.001246	99.689049
n_	67	5362004	0.001246	99.690295
2\x0A	66	5362070	0.001227	99.691522
-o	66	5362136	0.001227	99.692749
kf	66	5362202	0.001227	99.693976
Ni	66	5362268	0.001227	99.695203
Ep	66	5362334	0.001227	99.696430
E,	66	5362400	0.001227	99.697657
S\x0A	65	5362465	0.001208	99.698866
Wr	65	5362530	0.001208	99.700074
rj	65	5362595	0.001208	99.701283
_C	64	5362659	0.001190	99.702472
NV	64	5362723	0.001190	99.703662
bh	63	5362786	0.001171	99.704834
N,	63	5362849	0.001171	99.706005
ej	63	5362912	0.001171	99.707176
—W	63	5362975	0.001171	99.708348
_P	63	5363038	0.001171	99.709519
Ae	63	5363101	0.001171	99.710690
_L	63	5363164	0.001171	99.711861
yw	62	5363226	0.001153	99.713014
—O	62	5363288	0.001153	99.714167
RF	62	5363350	0.001153	99.715320
b.	61	5363411	0.001134	99.716454
’c	61	5363472	0.001134	99.717588
LM	61	5363533	0.001134	99.718722
Oc	59	5363592	0.001097	99.719819
-n	59	5363651	0.001097	99.720916
x’	59	5363710	0.001097	99.722013
_M	59	5363769	0.001097	99.723110
TM	59	5363828	0.001097	99.724207
EF	59	5363887	0.001097	99.725303
zi	58	5363945	0.001078	99.726382
z’	58	5364003	0.001078	99.727460
OX	58	5364061	0.001078	99.728538
WD	58	5364119	0.001078	99.729617
WR	58	5364177	0.001078	99.730695
AA	58	5364235	0.001078	99.731773
TZ	57	5364292	0.001060	99.732833
“H	56	5364348	0.001041	99.733874
_I	56	5364404	0.001041	99.734915
?”	56	5364460	0.001041	99.735957
NW	56	5364516	0.001041	99.736998
AJ	56	5364572	0.001041	99.738039
AX	56	5364628	0.001041	99.739080
g™	56	5364684	0.001041	99.740121
 z	55	5364739	0.001023	99.741144
o-	55	5364794	0.001023	99.742166
”.	55	5364849	0.001023	99.743189
zz	55	5364904	0.001023	99.744211
e”	54	5364958	0.001004	99.745215
“O	54	5365012	0.001004	99.746219
hd	54	5365066	0.001004	99.747223
x.	54	5365120	0.001004	99.748227
vu	53	5365173	0.000985	99.749213
w:	53	5365226	0.000985	99.750198
“G	53	5365279	0.000985	99.751183
SW	53	5365332	0.000985	99.752169
DS	52	5365384	0.000967	99.753136
k:	52	5365436	0.000967	99.754102
-v	52	5365488	0.000967	99.755069
bd	52	5365540	0.000967	99.756036
yn	52	5365592	0.000967	99.757003
Sy	52	5365644	0.000967	99.757970
HB	52	5365696	0.000967	99.758936
ka	51	5365747	0.000948	99.759885
—h	51	5365798	0.000948	99.760833
i 	51	5365849	0.000948	99.761781
-i	50	5365899	0.000930	99.762711
”,	50	5365949	0.000930	99.763640
aq	50	5365999	0.000930	99.764570
 .	50	5366049	0.000930	99.765499
\x0A1	50	5366099	0.000930	99.766429
Sm	49	5366148	0.000911	99.767340
_B	49	5366197	0.000911	99.768251
yf	49	5366246	0.000911	99.769162
ux	49	5366295	0.000911	99.770073
,’	48	5366343	0.000892	99.770965
ao	48	5366391	0.000892	99.771858
f:	48	5366439	0.000892	99.772750
cs	48	5366487	0.000892	99.773643
“S	48	5366535	0.000892	99.774535
a_	48	5366583	0.000892	99.775427
—b	48	5366631	0.000892	99.776320
Il	48	5366679	0.000892	99.777212
YT	48	5366727	0.000892	99.778105
ZO	48	5366775	0.000892	99.778997
R,	47	5366822	0.000874	99.779871
-k	47	5366869	0.000874	99.780745
 &	47	5366916	0.000874	99.781619
o_	47	5366963	0.000874	99.782492
?_	47	5367010	0.000874	99.783366
 2	46	5367056	0.000855	99.784221
&c	46	5367102	0.000855	99.785077
—C	46	5367148	0.000855	99.785932
!_	46	5367194	0.000855	99.786787
_O	46	5367240	0.000855	99.787642
BB	46	5367286	0.000855	99.788498
wb	46	5367332	0.000855	99.789353
10	45	5367377	0.000837	99.790189
e)	45	5367422	0.000837	99.791026
“L	45	5367467	0.000837	99.791863
Ob	45	5367512	0.000837	99.792699
“F	45	5367557	0.000837	99.793536
Z.	45	5367602	0.000837	99.794373
 4	44	5367646	0.000818	99.795191
’o	44	5367690	0.000818	99.796009
dk	44	5367734	0.000818	99.796827
1.	44	5367778	0.000818	99.797645
 8	43	5367821	0.000799	99.798444
[E	43	5367864	0.000799	99.799244
Y,	43	5367907	0.000799	99.800043
Ox	43	5367950	0.000799	99.800843
 5	42	5367992	0.000781	99.801624
yc	42	5368034	0.000781	99.802404
xf	42	5368076	0.000781	99.803185
™ 	42	5368118	0.000781	99.803966
 3	41	5368159	0.000762	99.804728
 6	41	5368200	0.000762	99.805491
11	41	5368241	0.000762	99.806253
m—	41	5368282	0.000762	99.807015
“B	41	5368323	0.000762	99.807777
—G	41	5368364	0.000762	99.808540
NL	41	5368405	0.000762	99.809302
Aa	41	5368446	0.000762	99.810064
JE	40	5368486	0.000744	99.810808
TY	40	5368526	0.000744	99.811552
 9	40	5368566	0.000744	99.812295
t”	40	5368606	0.000744	99.813039
næ	39	5368645	0.000725	99.813764
“C	39	5368684	0.000725	99.814489
’m	39	5368723	0.000725	99.815214
‘T	38	5368761	0.000706	99.815921
 7	38	5368799	0.000706	99.816627
g_	38	5368837	0.000706	99.817334
Es	38	5368875	0.000706	99.818040
Sn	38	5368913	0.000706	99.818747
-u	37	5368950	0.000688	99.819435
D\x0A	37	5368987	0.000688	99.820123
b\x0A	37	5369024	0.000688	99.820810
kw	37	5369061	0.000688	99.821498
wt	37	5369098	0.000688	99.822186
Us	37	5369135	0.000688	99.822874
æ\x0A	37	5369172	0.000688	99.823562
h—	37	5369209	0.000688	99.824250
cd	37	5369246	0.000688	99.824938
”?	37	5369283	0.000688	99.825626
T\x0A	36	5369319	0.000669	99.826295
T,	36	5369355	0.000669	99.826964
R\x0A	36	5369391	0.000669	99.827634
“t	36	5369427	0.000669	99.828303
),	36	5369463	0.000669	99.828972
u—	36	5369499	0.000669	99.829642
z,	36	5369535	0.000669	99.830311
Ov	36	5369571	0.000669	99.830980
’f	36	5369607	0.000669	99.831650
z 	36	5369643	0.000669	99.832319
!’	35	5369678	0.000651	99.832970
UP	35	5369713	0.000651	99.833620
—T	35	5369748	0.000651	99.834271
—S	35	5369783	0.000651	99.834922
d_	35	5369818	0.000651	99.835572
—H	35	5369853	0.000651	99.836223
Ul	35	5369888	0.000651	99.836874
HM	35	5369923	0.000651	99.837525
tz	35	5369958	0.000651	99.838175
PS	35	5369993	0.000651	99.838826
—s	34	5370027	0.000632	99.839458
y”	34	5370061	0.000632	99.840090
uz	34	5370095	0.000632	99.840722
Ur	34	5370129	0.000632	99.841355
NQ	34	5370163	0.000632	99.841987
UO	34	5370197	0.000632	99.842619
wk	33	5370230	0.000614	99.843232
o—	33	5370263	0.000614	99.843846
Hy	33	5370296	0.000614	99.844459
GI	33	5370329	0.000614	99.845073
WB	33	5370362	0.000614	99.845687
1 	33	5370395	0.000614	99.846300
N\x0A	32	5370427	0.000595	99.846895
—f	32	5370459	0.000595	99.847490
“N	32	5370491	0.000595	99.848085
l—	32	5370523	0.000595	99.848680
zy	32	5370555	0.000595	99.849275
Gh	32	5370587	0.000595	99.849870
I?	32	5370619	0.000595	99.850465
Ny	32	5370651	0.000595	99.851060
ço	32	5370683	0.000595	99.851655
èd	32	5370715	0.000595	99.852249
NB	31	5370746	0.000576	99.852826
E:	31	5370777	0.000576	99.853402
n”	31	5370808	0.000576	99.853979
dc	31	5370839	0.000576	99.854555
—M	31	5370870	0.000576	99.855131
“M	31	5370901	0.000576	99.855708
:—	31	5370932	0.000576	99.856284
mw	31	5370963	0.000576	99.856860
nç	31	5370994	0.000576	99.857437
T’	30	5371024	0.000558	99.857994
bm	30	5371054	0.000558	99.858552
D,	30	5371084	0.000558	99.859110
g—	30	5371114	0.000558	99.859668
i_	30	5371144	0.000558	99.860225
\x0Aj	29	5371173	0.000539	99.860765
—m	29	5371202	0.000539	99.861304
r”	29	5371231	0.000539	99.861843
\x0Aq	29	5371260	0.000539	99.862382
m_	29	5371289	0.000539	99.862921
pw	29	5371318	0.000539	99.863460
DF	29	5371347	0.000539	99.864000
MS	29	5371376	0.000539	99.864539
12	28	5371404	0.000521	99.865059
zl	28	5371432	0.000521	99.865580
“P	28	5371460	0.000521	99.866101
pb	28	5371488	0.000521	99.866621
tp	28	5371516	0.000521	99.867142
‘A	28	5371544	0.000521	99.867662
XT	27	5371571	0.000502	99.868164
Et	27	5371598	0.000502	99.868666
kr	27	5371625	0.000502	99.869168
tb	27	5371652	0.000502	99.869670
wy	27	5371679	0.000502	99.870172
f—	27	5371706	0.000502	99.870674
—o	27	5371733	0.000502	99.871176
 X	27	5371760	0.000502	99.871678
w—	27	5371787	0.000502	99.872180
—y	27	5371814	0.000502	99.872682
—B	27	5371841	0.000502	99.873184
“a	27	5371868	0.000502	99.873686
I;	27	5371895	0.000502	99.874188
xh	27	5371922	0.000502	99.874690
SR	27	5371949	0.000502	99.875192
_—	27	5371976	0.000502	99.875694
m-	26	5372002	0.000483	99.876177
ih	26	5372028	0.000483	99.876661
Os	26	5372054	0.000483	99.877144
i,	26	5372080	0.000483	99.877628
“s	26	5372106	0.000483	99.878111
C.	26	5372132	0.000483	99.878594
GN	26	5372158	0.000483	99.879078
 ”	26	5372184	0.000483	99.879561
E’	25	5372209	0.000465	99.880026
1\x0A	25	5372234	0.000465	99.880491
—i	25	5372259	0.000465	99.880956
p:	25	5372284	0.000465	99.881420
—L	25	5372309	0.000465	99.881885
XA	25	5372334	0.000465	99.882350
—A	25	5372359	0.000465	99.882815
mt	25	5372384	0.000465	99.883280
—P	25	5372409	0.000465	99.883744
_l	25	5372434	0.000465	99.884209
NM	24	5372458	0.000446	99.884655
SM	24	5372482	0.000446	99.885102
9\x0A	24	5372506	0.000446	99.885548
t)	24	5372530	0.000446	99.885994
_t	24	5372554	0.000446	99.886440
_s	24	5372578	0.000446	99.886886
”—	24	5372602	0.000446	99.887333
H\x0A	23	5372625	0.000428	99.887760
5\x0A	23	5372648	0.000428	99.888188
oq	23	5372671	0.000428	99.888615
(a	23	5372694	0.000428	99.889043
;—	23	5372717	0.000428	99.889471
hc	23	5372740	0.000428	99.889898
y_	23	5372763	0.000428	99.890326
s”	23	5372786	0.000428	99.890753
‘H	23	5372809	0.000428	99.891181
’—	23	5372832	0.000428	99.891609
—_	23	5372855	0.000428	99.892036
Y\x0A	23	5372878	0.000428	99.892464
\x0A2	23	5372901	0.000428	99.892892
3\x0A	22	5372923	0.000409	99.893301
s)	22	5372945	0.000409	99.893710
dj	22	5372967	0.000409	99.894119
‘I	22	5372989	0.000409	99.894528
“D	22	5373011	0.000409	99.894937
yd	22	5373033	0.000409	99.895346
pk	22	5373055	0.000409	99.895755
ku	22	5373077	0.000409	99.896164
Yi	22	5373099	0.000409	99.896573
2 	22	5373121	0.000409	99.896982
MW	22	5373143	0.000409	99.897391
.E	22	5373165	0.000409	99.897800
16	21	5373186	0.000390	99.898190
’,	21	5373207	0.000390	99.898581
—Y	21	5373228	0.000390	99.898971
U.	21	5373249	0.000390	99.899362
—F	21	5373270	0.000390	99.899752
dh	21	5373291	0.000390	99.900142
Cæ	21	5373312	0.000390	99.900533
æs	21	5373333	0.000390	99.900923
KN	21	5373354	0.000390	99.901314
00	20	5373374	0.000372	99.901686
20	20	5373394	0.000372	99.902057
d)	20	5373414	0.000372	99.902429
YN	20	5373434	0.000372	99.902801
“h	20	5373454	0.000372	99.903173
x\x0A	20	5373474	0.000372	99.903545
km	20	5373494	0.000372	99.903917
—n	20	5373514	0.000372	99.904288
xu	20	5373534	0.000372	99.904660
UA	20	5373554	0.000372	99.905032
”;	20	5373574	0.000372	99.905404
Zo	20	5373594	0.000372	99.905776
_p	20	5373614	0.000372	99.906148
YZ	20	5373634	0.000372	99.906520
7\x0A	19	5373653	0.000353	99.906873
’G	19	5373672	0.000353	99.907226
XI	19	5373691	0.000353	99.907579
Eu	19	5373710	0.000353	99.907932
r)	19	5373729	0.000353	99.908286
L,	19	5373748	0.000353	99.908639
’u	19	5373767	0.000353	99.908992
_N	19	5373786	0.000353	99.909345
NÇ	19	5373805	0.000353	99.909699
ÇO	19	5373824	0.000353	99.910052
PC	19	5373843	0.000353	99.910405
ww	18	5373861	0.000335	99.910740
13	18	5373879	0.000335	99.911075
“n	18	5373897	0.000335	99.911409
uv	18	5373915	0.000335	99.911744
—N	18	5373933	0.000335	99.912079
Av	18	5373951	0.000335	99.912413
iw	18	5373969	0.000335	99.912748
?’	18	5373987	0.000335	99.913082
Id	18	5374005	0.000335	99.913417
dp	18	5374023	0.000335	99.913752
yg	18	5374041	0.000335	99.914086
[A	18	5374059	0.000335	99.914421
YB	18	5374077	0.000335	99.914756
AK	17	5374094	0.000316	99.915072
HR	17	5374111	0.000316	99.915388
14	17	5374128	0.000316	99.915704
‘O	17	5374145	0.000316	99.916020
’i	17	5374162	0.000316	99.916336
hh	17	5374179	0.000316	99.916652
l”	17	5374196	0.000316	99.916968
AO	17	5374213	0.000316	99.917284
(W	17	5374230	0.000316	99.917600
‘S	17	5374247	0.000316	99.917916
-j	17	5374264	0.000316	99.918232
IW	17	5374281	0.000316	99.918549
eB	16	5374297	0.000297	99.918846
A\x0A	16	5374313	0.000297	99.919143
K\x0A	16	5374329	0.000297	99.919441
36	16	5374345	0.000297	99.919738
44	16	5374361	0.000297	99.920036
80	16	5374377	0.000297	99.920333
’?	16	5374393	0.000297	99.920631
b?	16	5374409	0.000297	99.920928
‘N	16	5374425	0.000297	99.921226
g”	16	5374441	0.000297	99.921523
“Y	16	5374457	0.000297	99.921821
—l	16	5374473	0.000297	99.922118
yh	16	5374489	0.000297	99.922416
—d	16	5374505	0.000297	99.922713
Oh	16	5374521	0.000297	99.923011
z.	16	5374537	0.000297	99.923308
XF	16	5374553	0.000297	99.923606
24	15	5374568	0.000279	99.923884
28	15	5374583	0.000279	99.924163
n)	15	5374598	0.000279	99.924442
48	15	5374613	0.000279	99.924721
52	15	5374628	0.000279	99.925000
56	15	5374643	0.000279	99.925279
60	15	5374658	0.000279	99.925558
72	15	5374673	0.000279	99.925837
88	15	5374688	0.000279	99.926115
96	15	5374703	0.000279	99.926394
’h	15	5374718	0.000279	99.926673
tg	15	5374733	0.000279	99.926952
b;	15	5374748	0.000279	99.927231
dt	15	5374763	0.000279	99.927510
i-	15	5374778	0.000279	99.927789
—D	15	5374793	0.000279	99.928068
’v	15	5374808	0.000279	99.928346
-y	15	5374823	0.000279	99.928625
x;	15	5374838	0.000279	99.928904
b-	15	5374853	0.000279	99.929183
“w	15	5374868	0.000279	99.929462
d”	15	5374883	0.000279	99.929741
(A	15	5374898	0.000279	99.930020
‘M	15	5374913	0.000279	99.930299
Rh	15	5374928	0.000279	99.930578
\x0AZ	15	5374943	0.000279	99.930856
yz	15	5374958	0.000279	99.931135
 \x0A	14	5374972	0.000260	99.931396
’.	14	5374986	0.000260	99.931656
32	14	5375000	0.000260	99.931916
64	14	5375014	0.000260	99.932176
68	14	5375028	0.000260	99.932437
84	14	5375042	0.000260	99.932697
92	14	5375056	0.000260	99.932957
04	14	5375070	0.000260	99.933218
08	14	5375084	0.000260	99.933478
k—	14	5375098	0.000260	99.933738
’y	14	5375112	0.000260	99.933998
‘W	14	5375126	0.000260	99.934259
“R	14	5375140	0.000260	99.934519
H,	14	5375154	0.000260	99.934779
pf	14	5375168	0.000260	99.935040
db	14	5375182	0.000260	99.935300
pm	14	5375196	0.000260	99.935560
’;	14	5375210	0.000260	99.935820
a:	14	5375224	0.000260	99.936081
‘a	14	5375238	0.000260	99.936341
Ow	14	5375252	0.000260	99.936601
VY	14	5375266	0.000260	99.936862
SN	14	5375280	0.000260	99.937122
i.	14	5375294	0.000260	99.937382
OA	14	5375308	0.000260	99.937642
c?	14	5375322	0.000260	99.937903
(D	14	5375336	0.000260	99.938163
“b	14	5375350	0.000260	99.938423
BH	14	5375364	0.000260	99.938684
‘“	14	5375378	0.000260	99.938944
15	13	5375391	0.000242	99.939186
40	13	5375404	0.000242	99.939427
76	13	5375417	0.000242	99.939669
‘F	13	5375430	0.000242	99.939911
’p	13	5375443	0.000242	99.940152
—p	13	5375456	0.000242	99.940394
c;	13	5375469	0.000242	99.940636
c\x0A	13	5375482	0.000242	99.940877
“m	13	5375495	0.000242	99.941119
(w	13	5375508	0.000242	99.941361
_J	13	5375521	0.000242	99.941603
sr	13	5375534	0.000242	99.941844
‘G	13	5375547	0.000242	99.942086
_V	13	5375560	0.000242	99.942328
Sb	13	5375573	0.000242	99.942569
ji	13	5375586	0.000242	99.942811
“y	13	5375599	0.000242	99.943053
l_	13	5375612	0.000242	99.943294
PY	13	5375625	0.000242	99.943536
‘B	13	5375638	0.000242	99.943778
M 	12	5375650	0.000223	99.944001
L\x0A	12	5375662	0.000223	99.944224
R’	12	5375674	0.000223	99.944447
LF	12	5375686	0.000223	99.944670
gf	12	5375698	0.000223	99.944893
—’	12	5375710	0.000223	99.945116
hœ	12	5375722	0.000223	99.945340
(F	12	5375734	0.000223	99.945563
k_	12	5375746	0.000223	99.945786
“i	12	5375758	0.000223	99.946009
kh	12	5375770	0.000223	99.946232
mr	12	5375782	0.000223	99.946455
xq	12	5375794	0.000223	99.946678
yv	12	5375806	0.000223	99.946901
P 	12	5375818	0.000223	99.947124
TJ	12	5375830	0.000223	99.947348
_Q	12	5375842	0.000223	99.947571
™\x0A	12	5375854	0.000223	99.947794
G\x0A	11	5375865	0.000205	99.947998
TW	11	5375876	0.000205	99.948203
WH	11	5375887	0.000205	99.948407
(T	11	5375898	0.000205	99.948612
(t	11	5375909	0.000205	99.948816
(I	11	5375920	0.000205	99.949021
M,	11	5375931	0.000205	99.949225
.,	11	5375942	0.000205	99.949430
a—	11	5375953	0.000205	99.949634
’A	11	5375964	0.000205	99.949839
xo	11	5375975	0.000205	99.950043
œb	11	5375986	0.000205	99.950248
o”	11	5375997	0.000205	99.950452
”!	11	5376008	0.000205	99.950657
“d	11	5376019	0.000205	99.950861
’O	11	5376030	0.000205	99.951066
wm	11	5376041	0.000205	99.951270
!)	11	5376052	0.000205	99.951475
-q	11	5376063	0.000205	99.951679
_m	11	5376074	0.000205	99.951884
O\x0A	11	5376085	0.000205	99.952088
x-	11	5376096	0.000205	99.952293
Ai	11	5376107	0.000205	99.952497
 à	11	5376118	0.000205	99.952702
à 	11	5376129	0.000205	99.952907
“_	11	5376140	0.000205	99.953111
”_	11	5376151	0.000205	99.953316
_c	11	5376162	0.000205	99.953520
\x0AX	11	5376173	0.000205	99.953725
.F	11	5376184	0.000205	99.953929
U 	10	5376194	0.000186	99.954115
(b	10	5376204	0.000186	99.954301
“’	10	5376214	0.000186	99.954487
ii	10	5376224	0.000186	99.954673
—c	10	5376234	0.000186	99.954859
“p	10	5376244	0.000186	99.955045
Od	10	5376254	0.000186	99.955231
_v	10	5376264	0.000186	99.955416
_i	10	5376274	0.000186	99.955602
“c	10	5376284	0.000186	99.955788
c!	10	5376294	0.000186	99.955974
“f	10	5376304	0.000186	99.956160
’F	10	5376314	0.000186	99.956346
‘L	10	5376324	0.000186	99.956532
z-	10	5376334	0.000186	99.956718
_e	10	5376344	0.000186	99.956904
_q	10	5376354	0.000186	99.957090
nè	10	5376364	0.000186	99.957276
e]	10	5376374	0.000186	99.957462
.g	9	5376383	0.000167	99.957629
.o	9	5376392	0.000167	99.957796
18	9	5376401	0.000167	99.957964
y)	9	5376410	0.000167	99.958131
(o	9	5376419	0.000167	99.958298
g)	9	5376428	0.000167	99.958466
k)	9	5376437	0.000167	99.958633
m)	9	5376446	0.000167	99.958800
—“	9	5376455	0.000167	99.958967
x?	9	5376464	0.000167	99.959135
‘s	9	5376473	0.000167	99.959302
_h	9	5376482	0.000167	99.959469
_U	9	5376491	0.000167	99.959637
mv	9	5376500	0.000167	99.959804
—E	9	5376509	0.000167	99.959971
—g	9	5376518	0.000167	99.960139
pc	9	5376527	0.000167	99.960306
zu	9	5376536	0.000167	99.960473
“l	9	5376545	0.000167	99.960641
;”	9	5376554	0.000167	99.960808
’b	9	5376563	0.000167	99.960975
p—	9	5376572	0.000167	99.961143
(O	9	5376581	0.000167	99.961310
Sq	9	5376590	0.000167	99.961477
é 	9	5376599	0.000167	99.961645
:_	9	5376608	0.000167	99.961812
tj	9	5376617	0.000167	99.961979
_f	9	5376626	0.000167	99.962147
b!	9	5376635	0.000167	99.962314
Aq	9	5376644	0.000167	99.962481
bw	9	5376653	0.000167	99.962649
 -	9	5376662	0.000167	99.962816
- 	9	5376671	0.000167	99.962983
**	8	5376679	0.000149	99.963132
 *	8	5376687	0.000149	99.963281
M\x0A	8	5376695	0.000149	99.963430
50	8	5376703	0.000149	99.963578
Y’	8	5376711	0.000149	99.963727
hq	8	5376719	0.000149	99.963876
’!	8	5376727	0.000149	99.964025
‘D	8	5376735	0.000149	99.964173
f_	8	5376743	0.000149	99.964322
I!	8	5376751	0.000149	99.964471
fp	8	5376759	0.000149	99.964619
“r	8	5376767	0.000149	99.964768
kb	8	5376775	0.000149	99.964917
sj	8	5376783	0.000149	99.965066
x!	8	5376791	0.000149	99.965214
RP	8	5376799	0.000149	99.965363
ré	8	5376807	0.000149	99.965512
_b	8	5376815	0.000149	99.965661
Om	8	5376823	0.000149	99.965809
“g	8	5376831	0.000149	99.965958
CC	8	5376839	0.000149	99.966107
‘t	8	5376847	0.000149	99.966256
[T	8	5376855	0.000149	99.966404
* 	7	5376862	0.000130	99.966534
(f	7	5376869	0.000130	99.966665
h)	7	5376876	0.000130	99.966795
41	7	5376883	0.000130	99.966925
(i	7	5376890	0.000130	99.967055
Ut	7	5376897	0.000130	99.967185
90	7	5376904	0.000130	99.967315
— 	7	5376911	0.000130	99.967445
‘Y	7	5376918	0.000130	99.967576
K,	7	5376925	0.000130	99.967706
“o	7	5376932	0.000130	99.967836
td	7	5376939	0.000130	99.967966
h_	7	5376946	0.000130	99.968096
‘w	7	5376953	0.000130	99.968226
mh	7	5376960	0.000130	99.968356
‘f	7	5376967	0.000130	99.968487
_w	7	5376974	0.000130	99.968617
_a	7	5376981	0.000130	99.968747
 Z	7	5376988	0.000130	99.968877
bn	7	5376995	0.000130	99.969007
wg	7	5377002	0.000130	99.969137
cm	7	5377009	0.000130	99.969267
éc	7	5377016	0.000130	99.969398
X\x0A	7	5377023	0.000130	99.969528
I:	7	5377030	0.000130	99.969658
sè	7	5377037	0.000130	99.969788
ZW	7	5377044	0.000130	99.969918
.S	7	5377051	0.000130	99.970048
19	6	5377057	0.000112	99.970160
K 	6	5377063	0.000112	99.970271
l)	6	5377069	0.000112	99.970383
22	6	5377075	0.000112	99.970495
23	6	5377081	0.000112	99.970606
30	6	5377087	0.000112	99.970718
’H	6	5377093	0.000112	99.970829
33	6	5377099	0.000112	99.970941
39	6	5377105	0.000112	99.971052
49	6	5377111	0.000112	99.971164
54	6	5377117	0.000112	99.971275
(s	6	5377123	0.000112	99.971387
85	6	5377129	0.000112	99.971498
01	6	5377135	0.000112	99.971610
W,	6	5377141	0.000112	99.971722
hp	6	5377147	0.000112	99.971833
Sk	6	5377153	0.000112	99.971945
lh	6	5377159	0.000112	99.972056
XV	6	5377165	0.000112	99.972168
m”	6	5377171	0.000112	99.972279
“e	6	5377177	0.000112	99.972391
Dy	6	5377183	0.000112	99.972502
_r	6	5377189	0.000112	99.972614
_Y	6	5377195	0.000112	99.972726
—r	6	5377201	0.000112	99.972837
 Æ	6	5377207	0.000112	99.972949
;_	6	5377213	0.000112	99.973060
‘b	6	5377219	0.000112	99.973172
—[	6	5377225	0.000112	99.973283
Vu	6	5377231	0.000112	99.973395
MY	6	5377237	0.000112	99.973506
vr	6	5377243	0.000112	99.973618
3 	6	5377249	0.000112	99.973730
TG	6	5377255	0.000112	99.973841
zw	6	5377261	0.000112	99.973953
.1	6	5377267	0.000112	99.974064
.3	6	5377273	0.000112	99.974176
0 	6	5377279	0.000112	99.974287
94	5	5377284	0.000093	99.974380
29	5	5377289	0.000093	99.974473
02	5	5377294	0.000093	99.974566
FT	5	5377299	0.000093	99.974659
W\x0A	5	5377304	0.000093	99.974752
17	5	5377309	0.000093	99.974845
21	5	5377314	0.000093	99.974938
25	5	5377319	0.000093	99.975031
26	5	5377324	0.000093	99.975124
27	5	5377329	0.000093	99.975217
(d	5	5377334	0.000093	99.975310
31	5	5377339	0.000093	99.975403
34	5	5377344	0.000093	99.975496
38	5	5377349	0.000093	99.975589
42	5	5377354	0.000093	99.975682
45	5	5377359	0.000093	99.975775
46	5	5377364	0.000093	99.975868
(m	5	5377369	0.000093	99.975961
51	5	5377374	0.000093	99.976054
53	5	5377379	0.000093	99.976146
61	5	5377384	0.000093	99.976239
62	5	5377389	0.000093	99.976332
65	5	5377394	0.000093	99.976425
69	5	5377399	0.000093	99.976518
81	5	5377404	0.000093	99.976611
b:	5	5377409	0.000093	99.976704
09	5	5377414	0.000093	99.976797
‘n	5	5377419	0.000093	99.976890
W 	5	5377424	0.000093	99.976983
_k	5	5377429	0.000093	99.977076
‘h	5	5377434	0.000093	99.977169
,_	5	5377439	0.000093	99.977262
Ey	5	5377444	0.000093	99.977355
Pt	5	5377449	0.000093	99.977448
.)	5	5377454	0.000093	99.977541
h”	5	5377459	0.000093	99.977634
f”	5	5377464	0.000093	99.977727
_g	5	5377469	0.000093	99.977820
xy	5	5377474	0.000093	99.977913
fn	5	5377479	0.000093	99.978006
‘C	5	5377484	0.000093	99.978099
gp	5	5377489	0.000093	99.978192
“E	5	5377494	0.000093	99.978285
w”	5	5377499	0.000093	99.978378
xl	5	5377504	0.000093	99.978470
uu	5	5377509	0.000093	99.978563
DL	5	5377514	0.000093	99.978656
_o	5	5377519	0.000093	99.978749
CM	5	5377524	0.000093	99.978842
Ic	5	5377529	0.000093	99.978935
té	5	5377534	0.000093	99.979028
z;	5	5377539	0.000093	99.979121
ès	5	5377544	0.000093	99.979214
êt	5	5377549	0.000093	99.979307
i!	5	5377554	0.000093	99.979400
rè	5	5377559	0.000093	99.979493
_d	5	5377564	0.000093	99.979586
-M	5	5377569	0.000093	99.979679
\x0A3	5	5377574	0.000093	99.979772
_”	5	5377579	0.000093	99.979865
Dw	5	5377584	0.000093	99.979958
3.	5	5377589	0.000093	99.980051
Cœ	5	5377594	0.000093	99.980144
œu	5	5377599	0.000093	99.980237
”:	5	5377604	0.000093	99.980330
’B	5	5377609	0.000093	99.980423
u-	5	5377614	0.000093	99.980516
“V	5	5377619	0.000093	99.980609
_u	5	5377624	0.000093	99.980702
BW	5	5377629	0.000093	99.980794
B.	5	5377634	0.000093	99.980887
‘i	5	5377639	0.000093	99.980980
.A	5	5377644	0.000093	99.981073
99	4	5377648	0.000074	99.981148
pd	4	5377652	0.000074	99.981222
OJ	4	5377656	0.000074	99.981296
L’	4	5377660	0.000074	99.981371
MM	4	5377664	0.000074	99.981445
35	4	5377668	0.000074	99.981520
37	4	5377672	0.000074	99.981594
43	4	5377676	0.000074	99.981668
47	4	5377680	0.000074	99.981743
57	4	5377684	0.000074	99.981817
58	4	5377688	0.000074	99.981891
59	4	5377692	0.000074	99.981966
66	4	5377696	0.000074	99.982040
70	4	5377700	0.000074	99.982115
74	4	5377704	0.000074	99.982189
77	4	5377708	0.000074	99.982263
78	4	5377712	0.000074	99.982338
79	4	5377716	0.000074	99.982412
82	4	5377720	0.000074	99.982486
86	4	5377724	0.000074	99.982561
87	4	5377728	0.000074	99.982635
89	4	5377732	0.000074	99.982709
91	4	5377736	0.000074	99.982784
93	4	5377740	0.000074	99.982858
98	4	5377744	0.000074	99.982933
05	4	5377748	0.000074	99.983007
06	4	5377752	0.000074	99.983081
pn	4	5377756	0.000074	99.983156
\x0A—	4	5377760	0.000074	99.983230
-G	4	5377764	0.000074	99.983304
Ya	4	5377768	0.000074	99.983379
z?	4	5377772	0.000074	99.983453
—e	4	5377776	0.000074	99.983528
(B	4	5377780	0.000074	99.983602
S’	4	5377784	0.000074	99.983676
’M	4	5377788	0.000074	99.983751
’L	4	5377792	0.000074	99.983825
_;	4	5377796	0.000074	99.983899
;’	4	5377800	0.000074	99.983974
’:	4	5377804	0.000074	99.984048
Z 	4	5377808	0.000074	99.984122
Ec	4	5377812	0.000074	99.984197
zv	4	5377816	0.000074	99.984271
“J	4	5377820	0.000074	99.984346
c:	4	5377824	0.000074	99.984420
wc	4	5377828	0.000074	99.984494
 é	4	5377832	0.000074	99.984569
j’	4	5377836	0.000074	99.984643
ée	4	5377840	0.000074	99.984717
né	4	5377844	0.000074	99.984792
C’	4	5377848	0.000074	99.984866
D’	4	5377852	0.000074	99.984940
é,	4	5377856	0.000074	99.985015
dé	4	5377860	0.000074	99.985089
é?	4	5377864	0.000074	99.985164
é.	4	5377868	0.000074	99.985238
É.	4	5377872	0.000074	99.985312
 ê	4	5377876	0.000074	99.985387
lz	4	5377880	0.000074	99.985461
u”	4	5377884	0.000074	99.985535
UX	4	5377888	0.000074	99.985610
“K	4	5377892	0.000074	99.985684
aë	4	5377896	0.000074	99.985759
ët	4	5377900	0.000074	99.985833
(c	4	5377904	0.000074	99.985907
2.	4	5377908	0.000074	99.985982
4.	4	5377912	0.000074	99.986056
5.	4	5377916	0.000074	99.986130
9.	4	5377920	0.000074	99.986205
DÉ	4	5377924	0.000074	99.986279
“v	4	5377928	0.000074	99.986353
O—	4	5377932	0.000074	99.986428
Ig	4	5377936	0.000074	99.986502
nx	4	5377940	0.000074	99.986577
—R	4	5377944	0.000074	99.986651
G,	4	5377948	0.000074	99.986725
[H	4	5377952	0.000074	99.986800
‘R	4	5377956	0.000074	99.986874
‘J	4	5377960	0.000074	99.986948
-S	4	5377964	0.000074	99.987023
‘m	4	5377968	0.000074	99.987097
.O	4	5377972	0.000074	99.987172
.I	4	5377976	0.000074	99.987246
“À	4	5377980	0.000074	99.987320
À 	4	5377984	0.000074	99.987395
g/	4	5377988	0.000074	99.987469
.8	4	5377992	0.000074	99.987543
 •	4	5377996	0.000074	99.987618
• 	4	5378000	0.000074	99.987692
*\x0A	3	5378003	0.000056	99.987748
(u	3	5378006	0.000056	99.987804
55	3	5378009	0.000056	99.987859
63	3	5378012	0.000056	99.987915
67	3	5378015	0.000056	99.987971
71	3	5378018	0.000056	99.988027
73	3	5378021	0.000056	99.988083
75	3	5378024	0.000056	99.988138
83	3	5378027	0.000056	99.988194
95	3	5378030	0.000056	99.988250
(M	3	5378033	0.000056	99.988306
97	3	5378036	0.000056	99.988361
03	3	5378039	0.000056	99.988417
07	3	5378042	0.000056	99.988473
Ry	3	5378045	0.000056	99.988529
Io	3	5378048	0.000056	99.988585
Eq	3	5378051	0.000056	99.988640
-A	3	5378054	0.000056	99.988696
Gn	3	5378057	0.000056	99.988752
a”	3	5378060	0.000056	99.988808
—”	3	5378063	0.000056	99.988863
aa	3	5378066	0.000056	99.988919
—J	3	5378069	0.000056	99.988975
Æn	3	5378072	0.000056	99.989031
f)	3	5378075	0.000056	99.989087
o)	3	5378078	0.000056	99.989142
(n	3	5378081	0.000056	99.989198
‘g	3	5378084	0.000056	99.989254
‘c	3	5378087	0.000056	99.989310
C 	3	5378090	0.000056	99.989365
Wy	3	5378093	0.000056	99.989421
kt	3	5378096	0.000056	99.989477
kc	3	5378099	0.000056	99.989533
:”	3	5378102	0.000056	99.989588
hv	3	5378105	0.000056	99.989644
lé	3	5378108	0.000056	99.989700
Éc	3	5378111	0.000056	99.989756
ér	3	5378114	0.000056	99.989812
i\x0A	3	5378117	0.000056	99.989867
ié	3	5378120	0.000056	99.989923
x_	3	5378123	0.000056	99.989979
sé	3	5378126	0.000056	99.990035
z!	3	5378129	0.000056	99.990090
DV	3	5378132	0.000056	99.990146
-R	3	5378135	0.000056	99.990202
WY	3	5378138	0.000056	99.990258
gw	3	5378141	0.000056	99.990314
LN	3	5378144	0.000056	99.990369
—k	3	5378147	0.000056	99.990425
6.	3	5378150	0.000056	99.990481
7.	3	5378153	0.000056	99.990537
8.	3	5378156	0.000056	99.990592
… 	3	5378159	0.000056	99.990648
’W	3	5378162	0.000056	99.990704
Ef	3	5378165	0.000056	99.990760
‘E	3	5378168	0.000056	99.990816
Ji	3	5378171	0.000056	99.990871
c_	3	5378174	0.000056	99.990927
bg	3	5378177	0.000056	99.990983
hè	3	5378180	0.000056	99.991039
:’	3	5378183	0.000056	99.991094
‘P	3	5378186	0.000056	99.991150
rz	3	5378189	0.000056	99.991206
p”	3	5378192	0.000056	99.991262
yx	3	5378195	0.000056	99.991318
A’	3	5378198	0.000056	99.991373
FU	3	5378201	0.000056	99.991429
.7	3	5378204	0.000056	99.991485
.9	3	5378207	0.000056	99.991541
3,	3	5378210	0.000056	99.991596
1,	2	5378212	0.000037	99.991634
4 	2	5378214	0.000037	99.991671
\x0A*	2	5378216	0.000037	99.991708
KS	2	5378218	0.000037	99.991745
IK	2	5378220	0.000037	99.991782
T;	2	5378222	0.000037	99.991820
LG	2	5378224	0.000037	99.991857
X 	2	5378226	0.000037	99.991894
(h	2	5378228	0.000037	99.991931
(L	2	5378230	0.000037	99.991968
(p	2	5378232	0.000037	99.992005
(l	2	5378234	0.000037	99.992043
Oa	2	5378236	0.000037	99.992080
],	2	5378238	0.000037	99.992117
-T	2	5378240	0.000037	99.992154
];	2	5378242	0.000037	99.992191
c—	2	5378244	0.000037	99.992229
wp	2	5378246	0.000037	99.992266
GY	2	5378248	0.000037	99.992303
YP	2	5378250	0.000037	99.992340
(_	2	5378252	0.000037	99.992377
p)	2	5378254	0.000037	99.992414
H’	2	5378256	0.000037	99.992452
xs	2	5378258	0.000037	99.992489
a)	2	5378260	0.000037	99.992526
(Y	2	5378262	0.000037	99.992563
):	2	5378264	0.000037	99.992600
(C	2	5378266	0.000037	99.992638
:.	2	5378268	0.000037	99.992675
-Y	2	5378270	0.000037	99.992712
TN	2	5378272	0.000037	99.992749
Eb	2	5378274	0.000037	99.992786
2s	2	5378276	0.000037	99.992823
F,	2	5378278	0.000037	99.992861
—v	2	5378280	0.000037	99.992898
& 	2	5378282	0.000037	99.992935
[P	2	5378284	0.000037	99.992972
Ps	2	5378286	0.000037	99.993009
].	2	5378288	0.000037	99.993047
bk	2	5378290	0.000037	99.993084
DP	2	5378292	0.000037	99.993121
RÉ	2	5378294	0.000037	99.993158
É,	2	5378296	0.000037	99.993195
ét	2	5378298	0.000037	99.993233
és	2	5378300	0.000037	99.993270
_É	2	5378302	0.000037	99.993307
ép	2	5378304	0.000037	99.993344
z:	2	5378306	0.000037	99.993381
vé	2	5378308	0.000037	99.993418
râ	2	5378310	0.000037	99.993456
âc	2	5378312	0.000037	99.993493
éa	2	5378314	0.000037	99.993530
(H	2	5378316	0.000037	99.993567
F\x0A	2	5378318	0.000037	99.993604
bv	2	5378320	0.000037	99.993642
X,	2	5378322	0.000037	99.993679
 \x09	2	5378324	0.000037	99.993716
I—	2	5378326	0.000037	99.993753
RQ	2	5378328	0.000037	99.993790
’w	2	5378330	0.000037	99.993827
Ip	2	5378332	0.000037	99.993865
Ze	2	5378334	0.000037	99.993902
\x0A5	2	5378336	0.000037	99.993939
MF	2	5378338	0.000037	99.993976
_“	2	5378340	0.000037	99.994013
æ 	2	5378342	0.000037	99.994051
m…	2	5378344	0.000037	99.994088
L”	2	5378346	0.000037	99.994125
b_	2	5378348	0.000037	99.994162
B 	2	5378350	0.000037	99.994199
sv	2	5378352	0.000037	99.994236
AZ	2	5378354	0.000037	99.994274
(G	2	5378356	0.000037	99.994311
kv	2	5378358	0.000037	99.994348
vl	2	5378360	0.000037	99.994385
-L	2	5378362	0.000037	99.994422
—u	2	5378364	0.000037	99.994460
zè	2	5378366	0.000037	99.994497
—‘	2	5378368	0.000037	99.994534
vè	2	5378370	0.000037	99.994571
b)	2	5378372	0.000037	99.994608
’I	2	5378374	0.000037	99.994646
lè	2	5378376	0.000037	99.994683
mè	2	5378378	0.000037	99.994720
[S	2	5378380	0.000037	99.994757
[M	2	5378382	0.000037	99.994794
[D	2	5378384	0.000037	99.994831
o]	2	5378386	0.000037	99.994869
[U	2	5378388	0.000037	99.994906
,\x09	2	5378390	0.000037	99.994943
\x09 	2	5378392	0.000037	99.994980
P\x0A	2	5378394	0.000037	99.995017
G”	2	5378396	0.000037	99.995055
“j	2	5378398	0.000037	99.995092
wu	2	5378400	0.000037	99.995129
‘v	2	5378402	0.000037	99.995166
EK	2	5378404	0.000037	99.995203
U’	2	5378406	0.000037	99.995240
M’	2	5378408	0.000037	99.995278
WS	2	5378410	0.000037	99.995315
kg	2	5378412	0.000037	99.995352
æd	2	5378414	0.000037	99.995389
“U	2	5378416	0.000037	99.995426
/c	2	5378418	0.000037	99.995464
.C	2	5378420	0.000037	99.995501
PG	2	5378422	0.000037	99.995538
.2	2	5378424	0.000037	99.995575
7 	2	5378426	0.000037	99.995612
8 	2	5378428	0.000037	99.995649
.4	2	5378430	0.000037	99.995687
.5	2	5378432	0.000037	99.995724
.6	2	5378434	0.000037	99.995761
I”	2	5378436	0.000037	99.995798
c)	2	5378438	0.000037	99.995835
/d	2	5378440	0.000037	99.995873
﻿T	1	5378441	0.000019	99.995891
[e	1	5378442	0.000019	99.995910
 #	1	5378443	0.000019	99.995928
#1	1	5378444	0.000019	99.995947
0]	1	5378445	0.000019	99.995966
9,	1	5378446	0.000019	99.995984
(y	1	5378447	0.000019	99.996003
w)	1	5378448	0.000019	99.996021
c-	1	5378449	0.000019	99.996040
G;	1	5378450	0.000019	99.996058
E]	1	5378451	0.000019	99.996077
[C	1	5378452	0.000019	99.996096
r]	1	5378453	0.000019	99.996114
dæ	1	5378454	0.000019	99.996133
æm	1	5378455	0.000019	99.996151
—.	1	5378456	0.000019	99.996170
U,	1	5378457	0.000019	99.996189
“q	1	5378458	0.000019	99.996207
).	1	5378459	0.000019	99.996226
Sd	1	5378460	0.000019	99.996244
(V	1	5378461	0.000019	99.996263
YD	1	5378462	0.000019	99.996282
(U	1	5378463	0.000019	99.996300
?)	1	5378464	0.000019	99.996319
(P	1	5378465	0.000019	99.996337
tv	1	5378466	0.000019	99.996356
(’	1	5378467	0.000019	99.996375
Z,	1	5378468	0.000019	99.996393
C,	1	5378469	0.000019	99.996412
-à	1	5378470	0.000019	99.996430
à-	1	5378471	0.000019	99.996449
‘’	1	5378472	0.000019	99.996468
_?	1	5378473	0.000019	99.996486
-H	1	5378474	0.000019	99.996505
xm	1	5378475	0.000019	99.996523
Mr	1	5378476	0.000019	99.996542
“k	1	5378477	0.000019	99.996560
A-	1	5378478	0.000019	99.996579
2d	1	5378479	0.000019	99.996598
4d	1	5378480	0.000019	99.996616
5s	1	5378481	0.000019	99.996635
8d	1	5378482	0.000019	99.996653
6d	1	5378483	0.000019	99.996672
Um	1	5378484	0.000019	99.996691
]—	1	5378485	0.000019	99.996709
-E	1	5378486	0.000019	99.996728
GD	1	5378487	0.000019	99.996746
kp	1	5378488	0.000019	99.996765
pé	1	5378489	0.000019	99.996784
z\x0A	1	5378490	0.000019	99.996802
dè	1	5378491	0.000019	99.996821
 É	1	5378492	0.000019	99.996839
N’	1	5378493	0.000019	99.996858
éj	1	5378494	0.000019	99.996877
jà	1	5378495	0.000019	99.996895
Né	1	5378496	0.000019	99.996914
eç	1	5378497	0.000019	99.996932
dî	1	5378498	0.000019	99.996951
în	1	5378499	0.000019	99.996970
_!	1	5378500	0.000019	99.996988
là	1	5378501	0.000019	99.997007
à?	1	5378502	0.000019	99.997025
’é	1	5378503	0.000019	99.997044
rê	1	5378504	0.000019	99.997062
à\x0A	1	5378505	0.000019	99.997081
bé	1	5378506	0.000019	99.997100
ué	1	5378507	0.000019	99.997118
mé	1	5378508	0.000019	99.997137
ça	1	5378509	0.000019	99.997155
pè	1	5378510	0.000019	99.997174
èr	1	5378511	0.000019	99.997193
Hé	1	5378512	0.000019	99.997211
(J	1	5378513	0.000019	99.997230
UV	1	5378514	0.000019	99.997248
P,	1	5378515	0.000019	99.997267
HW	1	5378516	0.000019	99.997286
\x09A	1	5378517	0.000019	99.997304
T-	1	5378518	0.000019	99.997323
S)	1	5378519	0.000019	99.997341
-K	1	5378520	0.000019	99.997360
-C	1	5378521	0.000019	99.997379
’”	1	5378522	0.000019	99.997397
A_	1	5378523	0.000019	99.997416
_1	1	5378524	0.000019	99.997434
\x0A4	1	5378525	0.000019	99.997453
\x0A6	1	5378526	0.000019	99.997471
\x0A7	1	5378527	0.000019	99.997490
\x0A8	1	5378528	0.000019	99.997509
\x0A9	1	5378529	0.000019	99.997527
0.	1	5378530	0.000019	99.997546
 …	1	5378531	0.000019	99.997564
lq	1	5378532	0.000019	99.997583
Ug	1	5378533	0.000019	99.997602
Cn	1	5378534	0.000019	99.997620
(E	1	5378535	0.000019	99.997639
\x09T	1	5378536	0.000019	99.997657
b—	1	5378537	0.000019	99.997676
b”	1	5378538	0.000019	99.997695
u_	1	5378539	0.000019	99.997713
-W	1	5378540	0.000019	99.997732
Æs	1	5378541	0.000019	99.997750
oî	1	5378542	0.000019	99.997769
ît	1	5378543	0.000019	99.997788
Dé	1	5378544	0.000019	99.997806
pê	1	5378545	0.000019	99.997825
êc	1	5378546	0.000019	99.997843
—V	1	5378547	0.000019	99.997862
yk	1	5378548	0.000019	99.997881
w_	1	5378549	0.000019	99.997899
—U	1	5378550	0.000019	99.997918
-’	1	5378551	0.000019	99.997936
rç	1	5378552	0.000019	99.997955
B,	1	5378553	0.000019	99.997973
N;	1	5378554	0.000019	99.997992
fè	1	5378555	0.000019	99.998011
cè	1	5378556	0.000019	99.998029
kè	1	5378557	0.000019	99.998048
n]	1	5378558	0.000019	99.998066
[W	1	5378559	0.000019	99.998085
[s	1	5378560	0.000019	99.998104
‘l	1	5378561	0.000019	99.998122
[R	1	5378562	0.000019	99.998141
[K	1	5378563	0.000019	99.998159
\x0A&	1	5378564	0.000019	99.998178
,)	1	5378565	0.000019	99.998197
_:	1	5378566	0.000019	99.998215
”]	1	5378567	0.000019	99.998234
(S	1	5378568	0.000019	99.998252
mc	1	5378569	0.000019	99.998271
‘K	1	5378570	0.000019	99.998290
’]	1	5378571	0.000019	99.998308
Y-	1	5378572	0.000019	99.998327
.;	1	5378573	0.000019	99.998345
RH	1	5378574	0.000019	99.998364
Iw	1	5378575	0.000019	99.998382
—(	1	5378576	0.000019	99.998401
_)	1	5378577	0.000019	99.998420
—,	1	5378578	0.000019	99.998438
‘d	1	5378579	0.000019	99.998457
pg	1	5378580	0.000019	99.998475
O?	1	5378581	0.000019	99.998494
‘k	1	5378582	0.000019	99.998513
Xa	1	5378583	0.000019	99.998531
‘o	1	5378584	0.000019	99.998550
Æa	1	5378585	0.000019	99.998568
—?	1	5378586	0.000019	99.998587
[B	1	5378587	0.000019	99.998606
-J	1	5378588	0.000019	99.998624
md	1	5378589	0.000019	99.998643
æu	1	5378590	0.000019	99.998661
’C	1	5378591	0.000019	99.998680
cn	1	5378592	0.000019	99.998699
s'	1	5378593	0.000019	99.998717
' 	1	5378594	0.000019	99.998736
x—	1	5378595	0.000019	99.998754
Sf	1	5378596	0.000019	99.998773
Oy	1	5378597	0.000019	99.998792
P’	1	5378598	0.000019	99.998810
M!	1	5378599	0.000019	99.998829
i;	1	5378600	0.000019	99.998847
‘p	1	5378601	0.000019	99.998866
’_	1	5378602	0.000019	99.998884
(N	1	5378603	0.000019	99.998903
BC	1	5378604	0.000019	99.998922
C;	1	5378605	0.000019	99.998940
(g	1	5378606	0.000019	99.998959
—Q	1	5378607	0.000019	99.998977
œn	1	5378608	0.000019	99.998996
pæ	1	5378609	0.000019	99.999015
Dæ	1	5378610	0.000019	99.999033
eæ	1	5378611	0.000019	99.999052
æq	1	5378612	0.000019	99.999070
—j	1	5378613	0.000019	99.999089
’q	1	5378614	0.000019	99.999108
);	1	5378615	0.000019	99.999126
tæ	1	5378616	0.000019	99.999145
XX	1	5378617	0.000019	99.999163
Æt	1	5378618	0.000019	99.999182
k”	1	5378619	0.000019	99.999201
“‘	1	5378620	0.000019	99.999219
‘U	1	5378621	0.000019	99.999238
G™	1	5378622	0.000019	99.999256
T:	1	5378623	0.000019	99.999275
”)	1	5378624	0.000019	99.999294
/l	1	5378625	0.000019	99.999312
k/	1	5378626	0.000019	99.999331
.B	1	5378627	0.000019	99.999349
(“	1	5378628	0.000019	99.999368
F)	1	5378629	0.000019	99.999386
.D	1	5378630	0.000019	99.999405
™.	1	5378631	0.000019	99.999424
0%	1	5378632	0.000019	99.999442
% 	1	5378633	0.000019	99.999461
4,	1	5378634	0.000019	99.999479
s/	1	5378635	0.000019	99.999498
/h	1	5378636	0.000019	99.999517
XC	1	5378637	0.000019	99.999535
EQ	1	5378638	0.000019	99.999554
S-	1	5378639	0.000019	99.999572
-I	1	5378640	0.000019	99.999591
XP	1	5378641	0.000019	99.999610
™’	1	5378642	0.000019	99.999628
1(	1	5378643	0.000019	99.999647
)(	1	5378644	0.000019	99.999665
(3	1	5378645	0.000019	99.999684
3)	1	5378646	0.000019	99.999703
4-	1	5378647	0.000019	99.999721
-6	1	5378648	0.000019	99.999740
9 	1	5378649	0.000019	99.999758
6,	1	5378650	0.000019	99.999777
(8	1	5378651	0.000019	99.999795
1)	1	5378652	0.000019	99.999814
6-	1	5378653	0.000019	99.999833
-1	1	5378654	0.000019	99.999851
($	1	5378655	0.000019	99.999870
$1	1	5378656	0.000019	99.999888
 $	1	5378657	0.000019	99.999907
$5	1	5378658	0.000019	99.999926
5,	1	5378659	0.000019	99.999944
,0	1	5378660	0.000019	99.999963
0)	1	5378661	0.000019	99.999981
™,	1	5378662	0.000019	100.000000
